interaction_id,user_id,hackathon_id,type,timestamp,text
I00001,U0001,H018,answered_question,2025-11-23T23:36:20,The writeup template is linked in the pinned message on the announcements channel.
I00002,U0001,H003,question,2024-03-27T19:15:10,Is model fine-tuning allowed or is it inference only?
I00003,U0001,,workshop_attended,2026-09-16T19:49:25,
I00004,U0001,,comment,2024-10-28T21:08:02,Coffee has run out on floor 2 for anyone planning their next hour around it.
I00005,U0001,H024,question,2026-08-21T10:01:02,Is there a template for the submission writeup anywhere?
I00006,U0001,H006,workshop_attended,2024-08-12T19:19:03,
I00007,U0001,H006,discord_message,2024-08-11T16:38:03,"last commit before freeze, do not push anything after this"
I00008,U0001,,discord_message,2025-03-13T17:18:12,"rehearsed twice, we are at 3:10 so we need to cut about twenty seconds"
I00009,U0001,,question,2025-04-21T23:26:38,Can one person be on two teams for different tracks?
I00010,U0001,H003,discord_message,2024-04-07T09:23:40,"i am taking the ingestion path, you take the UI, lets not touch the same files"
I00011,U0001,H003,profile_update,2024-04-10T13:36:27,
I00012,U0001,,question,2025-02-05T19:31:28,What happens if our deployment goes down during judging?
I00013,U0001,,comment,2024-05-12T23:03:58,"Our team is two people short, DM me if you want to join a GenAI track build."
I00014,U0001,H014,discord_message,2025-06-06T23:27:41,"demo script is in the shared doc, please read it before we rehearse"
I00015,U0001,,discord_message,2025-02-14T20:50:05,"demo script is in the shared doc, please read it before we rehearse"
I00016,U0001,H010,comment,2025-01-24T17:18:40,Finally got the deployment working. The build was failing because of a Node version mismatch.
I00017,U0001,H014,comment,2025-06-02T08:44:01,"Our demo broke live and we still placed, so do not panic if yours does."
I00018,U0001,H014,workshop_attended,2025-06-26T17:21:41,
I00019,U0001,H018,comment,2025-11-24T12:12:16,Really liked that the results were announced with the score breakdown.
I00020,U0001,H018,comment,2025-11-26T09:40:45,Really liked that the results were announced with the score breakdown.
I00021,U0001,,discord_message,2026-07-09T10:03:11,can someone take screenshots for the submission while i fix the deploy
I00022,U0001,,workshop_attended,2025-04-03T16:54:43,
I00023,U0001,,comment,2026-01-26T09:51:12,Coffee has run out on floor 2 for anyone planning their next hour around it.
I00024,U0001,,discord_message,2024-03-15T14:31:33,can someone take screenshots for the submission while i fix the deploy
I00025,U0001,H018,profile_update,2025-11-14T20:53:45,
I00026,U0001,H003,workshop_attended,2024-04-11T11:36:53,
I00027,U0002,H017,discord_message,2025-10-07T22:02:11,"last commit before freeze, do not push anything after this"
I00028,U0002,H017,question,2025-09-26T19:59:38,Is there a template for the submission writeup anywhere?
I00029,U0002,,question,2025-07-11T20:41:48,Do judges want to see the code or just the running product?
I00030,U0002,H017,comment,2025-10-10T08:00:05,Anyone else getting a 429 from the sponsor API? Third time in ten minutes.
I00031,U0003,H021,question,2026-03-30T09:00:22,What is the best way to handle auth for a demo that has to work offline?
I00032,U0003,H021,answered_question,2026-03-22T08:16:07,"Judges look at the running product first, code only if they have doubts."
I00033,U0003,,comment,2025-10-23T22:12:37,"Great talk on vector databases, the part about hybrid retrieval was the useful bit."
I00034,U0003,H021,discord_message,2026-04-04T14:29:57,"demo script is in the shared doc, please read it before we rehearse"
I00035,U0003,H021,discord_message,2026-04-17T11:10:36,"going to sleep for 90 minutes, ping me if the build breaks"
I00036,U0003,H007,comment,2024-09-14T14:18:23,"Our team is two people short, DM me if you want to join a GenAI track build."
I00037,U0003,,workshop_attended,2024-12-22T11:28:11,
I00038,U0003,H014,question,2025-06-20T15:29:13,"What counts as ""using"" the sponsor tech for the prize track?"
I00039,U0003,H007,comment,2024-09-25T23:12:04,"Our team is two people short, DM me if you want to join a GenAI track build."
I00040,U0004,H016,discord_message,2025-08-21T21:32:05,"rehearsed twice, we are at 3:10 so we need to cut about twenty seconds"
I00041,U0004,H016,question,2025-08-25T20:35:25,Is there a template for the submission writeup anywhere?
I00042,U0005,H015,discord_message,2025-07-29T10:47:08,anyone awake? stuck on a merge conflict in the schema file
I00043,U0005,,question,2026-07-28T19:11:36,Is there a template for the submission writeup anywhere?
I00044,U0005,,question,2025-01-05T17:08:53,"How long do we get for the demo, including questions?"
I00045,U0005,H010,comment,2025-01-08T17:20:40,Third hackathon here and the organisation keeps getting better.
I00046,U0005,H004,answered_question,2024-05-21T13:35:31,You get three minutes plus two for questions. They are strict about it.
I00047,U0005,H004,discord_message,2024-05-14T18:09:46,anyone awake? stuck on a merge conflict in the schema file
I00048,U0005,,question,2024-07-26T10:22:47,Can one person be on two teams for different tracks?
I00049,U0005,H004,question,2024-05-25T22:52:00,Is there a template for the submission writeup anywhere?
I00050,U0005,,workshop_attended,2025-05-02T18:04:35,
I00051,U0005,H004,workshop_attended,2024-05-17T11:40:09,
I00052,U0005,H010,discord_message,2025-01-21T10:33:48,"i am taking the ingestion path, you take the UI, lets not touch the same files"
I00053,U0006,H020,comment,2026-02-23T23:59:00,Finally got the deployment working. The build was failing because of a Node version mismatch.
I00054,U0006,,workshop_attended,2026-06-20T21:37:44,
I00055,U0006,H023,question,2026-06-28T18:14:29,Can we use a pre-existing repo as a starting point or does everything have to be written here?
I00056,U0006,,comment,2026-08-28T10:31:25,"We pivoted at 3am and it was the right call, the first idea had no demo path."
I00057,U0006,H023,answered_question,2026-07-02T09:20:17,"Free tier handles that node count fine, but create your indexes before bulk loading."
I00058,U0006,H023,answered_question,2026-07-06T11:44:20,"Yes, self-hosted counts for the prize track, it was confirmed on the Discord at 11am."
I00059,U0007,,discord_message,2024-04-20T14:54:57,"moving our table to near the power outlets, we are at 22 now"
I00060,U0007,,comment,2024-11-14T21:25:51,"Judging felt fair this time, the rubric being published in advance helped a lot."
I00061,U0007,H005,discord_message,2024-06-17T23:34:33,"demo script is in the shared doc, please read it before we rehearse"
I00062,U0007,H014,discord_message,2025-06-26T08:29:07,"pushing the fix now, pull before you touch the retrieval service"
I00063,U0007,H003,question,2024-04-10T17:11:48,Can one person be on two teams for different tracks?
I00064,U0007,H022,question,2026-05-09T22:03:25,"What counts as ""using"" the sponsor tech for the prize track?"
I00065,U0007,,question,2025-03-20T09:44:39,What is the best way to handle auth for a demo that has to work offline?
I00066,U0007,H015,comment,2025-08-03T14:35:54,"The graph database workshop was much better than I expected, worth the hour."
I00067,U0007,H003,question,2024-03-30T21:24:33,Are we expected to present on the main stage or at our table?
I00068,U0007,,comment,2025-03-05T14:22:24,"Reminder that the submission deadline is 6pm not 8pm, it changed on the Discord."
I00069,U0007,,comment,2024-10-12T21:08:04,Really liked that the results were announced with the score breakdown.
I00070,U0007,H014,question,2025-06-14T23:36:00,"Is there a rate limit on the embeddings endpoint, and if so what is it?"
I00071,U0007,H024,profile_update,2026-08-21T08:53:27,
I00072,U0007,,profile_update,2026-04-14T16:38:49,
I00073,U0007,H015,question,2025-08-02T16:31:09,Can one person be on two teams for different tracks?
I00074,U0007,H019,question,2026-01-12T16:50:27,"Is there a rate limit on the embeddings endpoint, and if so what is it?"
I00075,U0007,H015,comment,2025-07-26T12:44:52,Third hackathon here and the organisation keeps getting better.
I00076,U0007,H005,discord_message,2024-06-26T14:09:59,"we are cutting the matchmaking feature, no time"
I00077,U0007,H022,discord_message,2026-05-19T12:34:12,"rehearsed twice, we are at 3:10 so we need to cut about twenty seconds"
I00078,U0007,H024,profile_update,2026-08-01T23:29:24,
I00079,U0007,,discord_message,2025-10-17T08:39:43,"found the bug, it was a timezone thing in the date parsing"
I00080,U0007,,discord_message,2026-01-02T23:18:39,"we are cutting the matchmaking feature, no time"
I00081,U0007,H019,answered_question,2026-01-02T14:26:28,"Use a hotspot for the demo, the venue wifi drops under load every year."
I00082,U0007,H015,profile_update,2025-07-26T18:39:54,
I00083,U0007,,workshop_attended,2025-12-20T08:42:43,
I00084,U0007,H009,discord_message,2024-12-15T08:37:42,"found the bug, it was a timezone thing in the date parsing"
I00085,U0007,H022,question,2026-05-15T12:12:30,What is the best way to handle auth for a demo that has to work offline?
I00086,U0007,H019,comment,2025-12-21T19:30:32,Finally got the deployment working. The build was failing because of a Node version mismatch.
I00087,U0007,H009,discord_message,2024-12-05T08:50:41,"going to sleep for 90 minutes, ping me if the build breaks"
I00088,U0007,,answered_question,2026-07-05T13:18:07,Rate limit is 60 requests per minute per key. Batch your calls.
I00089,U0007,,workshop_attended,2024-12-29T12:27:13,
I00090,U0007,H022,comment,2026-05-18T15:15:15,Does the sponsor prize require using their hosted version or is self-hosted fine?
I00091,U0007,,comment,2026-01-26T21:41:35,Finally got the deployment working. The build was failing because of a Node version mismatch.
I00092,U0007,H009,discord_message,2024-12-07T23:29:15,"pushing the fix now, pull before you touch the retrieval service"
I00093,U0008,H011,comment,2025-02-27T18:37:48,"The graph database workshop was much better than I expected, worth the hour."
I00094,U0008,H011,question,2025-02-19T08:35:39,Is model fine-tuning allowed or is it inference only?
I00095,U0008,H014,discord_message,2025-06-16T11:56:21,"the api key rotated, new one is in the env file on the shared drive"
I00096,U0008,H014,comment,2025-06-03T20:58:33,"Our team is two people short, DM me if you want to join a GenAI track build."
I00097,U0008,,question,2025-04-28T12:53:58,Is model fine-tuning allowed or is it inference only?
I00098,U0008,H011,discord_message,2025-02-20T23:02:27,can someone take screenshots for the submission while i fix the deploy
I00099,U0008,H007,discord_message,2024-09-11T09:34:24,"moving our table to near the power outlets, we are at 22 now"
I00100,U0008,H007,discord_message,2024-09-22T22:34:47,anyone awake? stuck on a merge conflict in the schema file
I00101,U0008,H007,discord_message,2024-09-05T14:39:43,"last commit before freeze, do not push anything after this"
I00102,U0008,H011,discord_message,2025-02-08T11:11:44,"i am taking the ingestion path, you take the UI, lets not touch the same files"
I00103,U0008,H014,answered_question,2025-06-18T10:26:39,The writeup template is linked in the pinned message on the announcements channel.
I00104,U0008,,answered_question,2025-06-11T14:24:15,Pre-existing repos are allowed if you declare them and the new work is clearly separable.
I00105,U0008,H014,comment,2025-06-25T15:38:47,Anyone else getting a 429 from the sponsor API? Third time in ten minutes.
I00106,U0008,,answered_question,2025-02-06T19:57:35,"Use a hotspot for the demo, the venue wifi drops under load every year."
I00107,U0009,H022,answered_question,2026-05-25T11:02:35,"Judges look at the running product first, code only if they have doubts."
I00108,U0009,H022,workshop_attended,2026-05-25T12:27:50,
I00109,U0009,H022,answered_question,2026-05-30T15:24:20,The writeup template is linked in the pinned message on the announcements channel.
I00110,U0009,H018,answered_question,2025-11-15T08:13:14,"Yes, self-hosted counts for the prize track, it was confirmed on the Discord at 11am."
I00111,U0009,H024,workshop_attended,2026-07-30T20:08:40,
I00112,U0009,H022,discord_message,2026-05-26T09:50:42,"rehearsed twice, we are at 3:10 so we need to cut about twenty seconds"
I00113,U0009,H022,comment,2026-05-27T22:18:01,Third hackathon here and the organisation keeps getting better.
I00114,U0009,H022,question,2026-05-10T08:48:33,Is the dataset they provided allowed to be augmented with external data?
I00115,U0009,H018,discord_message,2025-11-22T22:25:19,"going to sleep for 90 minutes, ping me if the build breaks"
I00116,U0009,H020,discord_message,2026-02-16T23:27:21,"rehearsed twice, we are at 3:10 so we need to cut about twenty seconds"
I00117,U0009,H018,comment,2025-12-02T20:48:08,Does the sponsor prize require using their hosted version or is self-hosted fine?
I00118,U0009,H018,discord_message,2025-11-15T13:15:46,anyone awake? stuck on a merge conflict in the schema file
I00119,U0009,H024,comment,2026-08-11T18:36:14,Finally got the deployment working. The build was failing because of a Node version mismatch.
I00120,U0009,H020,comment,2026-02-08T20:30:00,"The graph database workshop was much better than I expected, worth the hour."
I00121,U0009,H020,comment,2026-02-08T13:01:00,"The graph database workshop was much better than I expected, worth the hour."
I00122,U0009,H020,workshop_attended,2026-02-27T17:45:39,
I00123,U0009,H018,question,2025-11-21T08:48:11,Can one person be on two teams for different tracks?
I00124,U0009,,discord_message,2026-06-06T12:29:34,"we are cutting the matchmaking feature, no time"
I00125,U0010,H001,question,2024-01-23T17:31:37,"Is there a rate limit on the embeddings endpoint, and if so what is it?"
I00126,U0010,,comment,2026-04-09T16:02:49,"The graph database workshop was much better than I expected, worth the hour."
I00127,U0010,,comment,2026-05-06T16:40:38,Does the sponsor prize require using their hosted version or is self-hosted fine?
I00128,U0010,H022,comment,2026-05-17T18:58:48,The mentor feedback on scoping was the single most useful thing this weekend.
I00129,U0010,H013,question,2025-05-09T21:18:54,What is the best way to handle auth for a demo that has to work offline?
I00130,U0010,H019,comment,2026-01-01T21:32:08,"Our team is two people short, DM me if you want to join a GenAI track build."
I00131,U0010,H010,discord_message,2025-01-24T12:02:51,"pushing the fix now, pull before you touch the retrieval service"
I00132,U0010,H003,comment,2024-04-16T08:55:11,"Judging felt fair this time, the rubric being published in advance helped a lot."
I00133,U0010,H010,question,2025-01-06T15:33:29,Is the dataset they provided allowed to be augmented with external data?
I00134,U0010,,workshop_attended,2024-12-30T17:08:27,
I00135,U0010,H003,workshop_attended,2024-04-13T16:48:51,
I00136,U0010,H007,comment,2024-09-19T13:02:12,"Our demo broke live and we still placed, so do not panic if yours does."
I00137,U0010,H001,question,2024-01-20T16:08:46,Is the dataset they provided allowed to be augmented with external data?
I00138,U0010,,question,2026-05-18T08:10:17,Is there a template for the submission writeup anywhere?
I00139,U0010,H019,discord_message,2026-01-16T12:17:45,"rehearsed twice, we are at 3:10 so we need to cut about twenty seconds"
I00140,U0010,H007,comment,2024-09-16T17:11:29,Does the sponsor prize require using their hosted version or is self-hosted fine?
I00141,U0010,,answered_question,2025-12-30T21:54:16,"Use a hotspot for the demo, the venue wifi drops under load every year."
I00142,U0010,H010,workshop_attended,2025-01-11T20:00:25,
I00143,U0010,H007,workshop_attended,2024-09-23T23:12:21,
I00144,U0010,H001,workshop_attended,2024-01-12T12:22:01,
I00145,U0010,H016,discord_message,2025-08-18T22:12:16,"moving our table to near the power outlets, we are at 22 now"
I00146,U0011,,comment,2026-06-18T09:30:42,"Our demo broke live and we still placed, so do not panic if yours does."
I00147,U0011,,workshop_attended,2025-02-07T23:54:09,
I00148,U0011,H012,comment,2025-03-18T20:58:06,Really liked that the results were announced with the score breakdown.
I00149,U0012,H014,workshop_attended,2025-06-17T17:06:31,
I00150,U0012,H006,workshop_attended,2024-07-24T10:20:54,
I00151,U0012,H018,workshop_attended,2025-11-08T12:55:48,
I00152,U0012,H014,workshop_attended,2025-06-11T12:43:40,
I00153,U0012,,workshop_attended,2025-01-06T16:28:12,
I00154,U0012,H023,workshop_attended,2026-07-01T09:48:40,
I00155,U0012,,answered_question,2026-01-07T08:17:37,You get three minutes plus two for questions. They are strict about it.
I00156,U0012,,answered_question,2024-07-21T09:10:15,"Yes, self-hosted counts for the prize track, it was confirmed on the Discord at 11am."
I00157,U0012,H018,discord_message,2025-11-06T11:12:34,"rehearsed twice, we are at 3:10 so we need to cut about twenty seconds"
I00158,U0012,,answered_question,2025-03-21T08:02:24,Fine-tuning is allowed. Two teams did it last year.
I00159,U0012,H006,answered_question,2024-08-01T13:35:52,"The cap is four this time, it changed from last edition."
I00160,U0012,H014,workshop_attended,2025-06-08T15:52:36,
I00161,U0012,H014,answered_question,2025-06-25T22:28:09,"The cap is four this time, it changed from last edition."
I00162,U0012,,answered_question,2026-04-04T19:35:43,The writeup template is linked in the pinned message on the announcements channel.
I00163,U0012,H018,answered_question,2025-11-22T22:13:04,"For offline auth just stub it and say so, nobody marks you down for that."
I00164,U0012,H023,answered_question,2026-06-30T11:24:28,"For offline auth just stub it and say so, nobody marks you down for that."
I00165,U0012,H010,question,2025-01-06T18:07:35,"Is there a rate limit on the embeddings endpoint, and if so what is it?"
I00166,U0012,H018,answered_question,2025-11-27T10:11:35,"Free tier handles that node count fine, but create your indexes before bulk loading."
I00167,U0012,,answered_question,2025-06-25T12:38:18,"Judges look at the running product first, code only if they have doubts."
I00168,U0012,H014,answered_question,2025-06-19T14:15:30,"If your deployment dies they will let you show a recording, but tell them beforehand."
I00169,U0012,H010,answered_question,2025-01-07T12:34:44,"The cap is four this time, it changed from last edition."
I00170,U0012,H018,question,2025-11-07T12:51:53,"How long do we get for the demo, including questions?"
I00171,U0012,H014,discord_message,2025-06-19T19:24:04,"demo script is in the shared doc, please read it before we rehearse"
I00172,U0012,,answered_question,2024-11-06T15:27:11,Fine-tuning is allowed. Two teams did it last year.
I00173,U0012,,answered_question,2024-07-22T10:55:46,"For offline auth just stub it and say so, nobody marks you down for that."
I00174,U0012,,answered_question,2026-09-01T15:48:31,Rate limit is 60 requests per minute per key. Batch your calls.
I00175,U0012,H010,answered_question,2025-01-22T23:43:40,"If your deployment dies they will let you show a recording, but tell them beforehand."
I00176,U0012,H006,answered_question,2024-07-28T11:11:42,"Yes, self-hosted counts for the prize track, it was confirmed on the Discord at 11am."
I00177,U0012,,discord_message,2025-07-06T22:34:30,"we are cutting the matchmaking feature, no time"
I00178,U0012,H006,answered_question,2024-08-09T21:24:17,"You can be on two teams but you can only win once, which they enforce."
I00179,U0012,,discord_message,2025-03-17T15:23:25,"rehearsed twice, we are at 3:10 so we need to cut about twenty seconds"
I00180,U0012,H010,answered_question,2025-01-17T09:30:27,"The cap is four this time, it changed from last edition."
I00181,U0012,H018,answered_question,2025-11-10T10:19:15,"Free tier handles that node count fine, but create your indexes before bulk loading."
I00182,U0012,H018,comment,2025-11-29T23:01:58,"The wifi in hall B is unusable, switching to a hotspot if anyone wants to share."
I00183,U0012,,answered_question,2026-07-28T10:47:34,"The cap is four this time, it changed from last edition."
I00184,U0012,H023,comment,2026-06-21T11:56:59,"Shout-out to whoever left the HDMI adapter at table 14, you saved our demo."
I00185,U0012,H014,answered_question,2025-05-31T10:43:55,"The cap is four this time, it changed from last edition."
I00186,U0012,,answered_question,2026-07-30T09:17:41,You get three minutes plus two for questions. They are strict about it.
I00187,U0012,H023,answered_question,2026-07-12T15:56:04,"For offline auth just stub it and say so, nobody marks you down for that."
I00188,U0012,H014,answered_question,2025-06-20T09:34:46,"Judges look at the running product first, code only if they have doubts."
I00189,U0012,H006,answered_question,2024-08-16T09:45:13,"Yes, self-hosted counts for the prize track, it was confirmed on the Discord at 11am."
I00190,U0012,H006,discord_message,2024-08-14T21:18:07,anyone awake? stuck on a merge conflict in the schema file
I00191,U0012,,answered_question,2026-02-03T09:34:24,Rate limit is 60 requests per minute per key. Batch your calls.
I00192,U0012,H023,answered_question,2026-07-06T20:30:35,Rate limit is 60 requests per minute per key. Batch your calls.
I00193,U0013,,workshop_attended,2026-01-01T10:52:11,
I00194,U0013,H021,workshop_attended,2026-03-31T08:37:20,
I00195,U0013,,discord_message,2025-07-14T11:34:15,"demo script is in the shared doc, please read it before we rehearse"
I00196,U0013,H021,comment,2026-03-24T09:30:12,"We pivoted at 3am and it was the right call, the first idea had no demo path."
I00197,U0013,H017,discord_message,2025-09-22T19:01:23,"found the bug, it was a timezone thing in the date parsing"
I00198,U0013,,discord_message,2026-03-30T17:30:24,"i am taking the ingestion path, you take the UI, lets not touch the same files"
I00199,U0013,H023,profile_update,2026-06-18T14:39:42,
I00200,U0013,H017,profile_update,2025-10-10T21:45:00,
I00201,U0013,H023,answered_question,2026-06-21T12:42:30,"Free tier handles that node count fine, but create your indexes before bulk loading."
I00202,U0013,H023,discord_message,2026-06-24T16:11:58,"going to sleep for 90 minutes, ping me if the build breaks"
I00203,U0013,,comment,2025-10-20T23:55:40,"Our team is two people short, DM me if you want to join a GenAI track build."
I00204,U0013,,question,2025-10-29T18:36:53,Are teams allowed to be four people or is three the cap this time?
I00205,U0014,H024,comment,2026-08-14T09:27:44,"We pivoted at 3am and it was the right call, the first idea had no demo path."
I00206,U0014,H017,discord_message,2025-10-10T22:50:02,"moving our table to near the power outlets, we are at 22 now"
I00207,U0014,H017,workshop_attended,2025-09-28T10:50:12,
I00208,U0014,H022,comment,2026-05-31T14:06:38,Coffee has run out on floor 2 for anyone planning their next hour around it.
I00209,U0014,H013,answered_question,2025-05-07T21:24:23,"The cap is four this time, it changed from last edition."
I00210,U0014,H013,comment,2025-05-18T11:39:40,Really liked that the results were announced with the score breakdown.
I00211,U0014,H017,comment,2025-09-25T17:45:45,"Reminder that the submission deadline is 6pm not 8pm, it changed on the Discord."
I00212,U0014,H017,answered_question,2025-10-09T11:50:08,"If your deployment dies they will let you show a recording, but tell them beforehand."
I00213,U0014,H024,discord_message,2026-08-17T21:56:50,"demo script is in the shared doc, please read it before we rehearse"
I00214,U0014,H024,question,2026-08-10T19:34:57,What happens if our deployment goes down during judging?
I00215,U0014,H017,question,2025-10-07T18:20:09,Are teams allowed to be four people or is three the cap this time?
I00216,U0014,,comment,2026-08-30T09:12:59,"Our team is two people short, DM me if you want to join a GenAI track build."
I00217,U0014,H017,question,2025-09-28T19:55:45,What happens if our deployment goes down during judging?
I00218,U0014,,profile_update,2026-03-10T19:52:06,
I00219,U0014,H017,discord_message,2025-09-20T13:07:03,"demo script is in the shared doc, please read it before we rehearse"
I00220,U0014,,comment,2025-04-25T19:01:38,Anyone have a spare USB-C charger? Ours walked off.
I00221,U0015,,discord_message,2025-06-08T14:04:51,"the api key rotated, new one is in the env file on the shared drive"
I00222,U0015,,comment,2026-09-16T08:52:53,"Shout-out to whoever left the HDMI adapter at table 14, you saved our demo."
I00223,U0015,,profile_update,2026-04-13T11:16:31,
I00224,U0015,H015,discord_message,2025-07-25T12:46:10,anyone awake? stuck on a merge conflict in the schema file
I00225,U0015,,workshop_attended,2025-01-31T16:46:05,
I00226,U0015,H020,discord_message,2026-02-15T15:03:03,"moving our table to near the power outlets, we are at 22 now"
I00227,U0015,H015,comment,2025-07-07T16:30:51,Coffee has run out on floor 2 for anyone planning their next hour around it.
I00228,U0016,H013,comment,2025-05-05T14:56:52,"Judging felt fair this time, the rubric being published in advance helped a lot."
I00229,U0016,,comment,2025-03-03T18:44:41,"Great talk on vector databases, the part about hybrid retrieval was the useful bit."
I00230,U0016,H013,workshop_attended,2025-05-06T10:15:49,
I00231,U0016,H019,workshop_attended,2026-01-11T08:31:55,
I00232,U0016,H013,answered_question,2025-05-17T18:56:05,"For offline auth just stub it and say so, nobody marks you down for that."
I00233,U0016,H008,workshop_attended,2024-10-19T12:40:03,
I00234,U0016,H019,question,2026-01-12T22:20:06,"Is there a rate limit on the embeddings endpoint, and if so what is it?"
I00235,U0016,H013,answered_question,2025-05-16T11:04:11,Fine-tuning is allowed. Two teams did it last year.
I00236,U0017,H018,comment,2025-12-02T20:07:28,"Our demo broke live and we still placed, so do not panic if yours does."
I00237,U0017,H018,question,2025-11-21T14:45:42,What is the best way to handle auth for a demo that has to work offline?
I00238,U0017,H018,question,2025-11-23T18:44:41,Do judges want to see the code or just the running product?
I00239,U0017,,profile_update,2026-03-15T23:02:40,
I00240,U0017,H018,profile_update,2025-11-06T19:51:35,
I00241,U0018,,question,2026-06-25T15:09:39,Can one person be on two teams for different tracks?
I00242,U0018,H014,discord_message,2025-06-19T20:56:33,"i am taking the ingestion path, you take the UI, lets not touch the same files"
I00243,U0018,,comment,2025-06-07T21:09:00,Really liked that the results were announced with the score breakdown.
I00244,U0018,H014,discord_message,2025-06-15T19:02:21,"i am taking the ingestion path, you take the UI, lets not touch the same files"
I00245,U0018,H014,comment,2025-06-10T14:21:45,"Great talk on vector databases, the part about hybrid retrieval was the useful bit."
I00246,U0018,H014,discord_message,2025-06-26T19:29:20,"pushing the fix now, pull before you touch the retrieval service"
I00247,U0018,H004,comment,2024-05-23T12:49:57,"Our demo broke live and we still placed, so do not panic if yours does."
I00248,U0019,,profile_update,2026-02-11T20:52:52,
I00249,U0019,H018,answered_question,2025-11-30T12:58:45,"Free tier handles that node count fine, but create your indexes before bulk loading."
I00250,U0019,,question,2025-09-07T08:06:34,Is model fine-tuning allowed or is it inference only?
I00251,U0019,H015,comment,2025-07-17T08:24:20,"The wifi in hall B is unusable, switching to a hotspot if anyone wants to share."
I00252,U0019,H018,question,2025-11-11T20:34:12,"Is there a rate limit on the embeddings endpoint, and if so what is it?"
I00253,U0020,,answered_question,2026-05-19T19:53:44,"For offline auth just stub it and say so, nobody marks you down for that."
I00254,U0020,H022,answered_question,2026-05-25T20:57:34,You get three minutes plus two for questions. They are strict about it.
I00255,U0020,H022,workshop_attended,2026-05-28T20:36:13,
I00256,U0020,,answered_question,2026-05-17T20:56:58,"If your deployment dies they will let you show a recording, but tell them beforehand."
I00257,U0020,H022,comment,2026-05-12T14:41:18,"Shout-out to whoever left the HDMI adapter at table 14, you saved our demo."
I00258,U0022,H012,answered_question,2025-03-18T15:11:22,"Judges look at the running product first, code only if they have doubts."
I00259,U0022,,answered_question,2025-02-08T08:21:01,"Free tier handles that node count fine, but create your indexes before bulk loading."
I00260,U0022,H012,discord_message,2025-04-06T23:32:47,"i am taking the ingestion path, you take the UI, lets not touch the same files"
I00261,U0022,H003,discord_message,2024-04-16T14:28:52,"going to sleep for 90 minutes, ping me if the build breaks"
I00262,U0022,H012,question,2025-03-12T09:58:27,Are we expected to present on the main stage or at our table?
I00263,U0022,,discord_message,2026-07-22T20:40:59,anyone awake? stuck on a merge conflict in the schema file
I00264,U0022,H012,comment,2025-04-06T13:48:08,"Shout-out to whoever left the HDMI adapter at table 14, you saved our demo."
I00265,U0022,H003,comment,2024-03-26T12:46:13,Anyone have a spare USB-C charger? Ours walked off.
I00266,U0023,H007,discord_message,2024-09-17T17:26:39,"moving our table to near the power outlets, we are at 22 now"
I00267,U0023,H007,workshop_attended,2024-09-17T18:03:06,
I00268,U0024,H017,discord_message,2025-09-26T22:46:18,"pushing the fix now, pull before you touch the retrieval service"
I00269,U0024,H019,workshop_attended,2025-12-31T12:41:35,
I00270,U0024,,comment,2025-01-23T12:35:47,"Reminder that the submission deadline is 6pm not 8pm, it changed on the Discord."
I00271,U0024,H003,answered_question,2024-04-18T23:03:56,"If your deployment dies they will let you show a recording, but tell them beforehand."
I00272,U0024,H016,comment,2025-08-22T17:06:24,"Our team is two people short, DM me if you want to join a GenAI track build."
I00273,U0024,,comment,2026-06-29T12:25:07,Third hackathon here and the organisation keeps getting better.
I00274,U0024,H017,comment,2025-10-04T16:23:38,Anyone else getting a 429 from the sponsor API? Third time in ten minutes.
I00275,U0024,H003,profile_update,2024-03-29T08:11:59,
I00276,U0024,,comment,2024-06-22T08:53:05,"Our demo broke live and we still placed, so do not panic if yours does."
I00277,U0025,,discord_message,2025-09-04T20:25:11,"pushing the fix now, pull before you touch the retrieval service"
I00278,U0025,H018,question,2025-11-14T09:20:33,Do judges want to see the code or just the running product?
I00279,U0025,H017,question,2025-09-24T19:54:41,Do judges want to see the code or just the running product?
I00280,U0025,H018,discord_message,2025-11-27T14:05:36,"we are cutting the matchmaking feature, no time"
I00281,U0026,,question,2025-02-26T19:58:07,Does anyone know if the AuraDB free tier can handle a few hundred thousand nodes?
I00282,U0026,H010,profile_update,2025-01-19T22:25:33,
I00283,U0026,H022,comment,2026-05-25T16:00:55,"Judging felt fair this time, the rubric being published in advance helped a lot."
I00284,U0026,H022,discord_message,2026-05-28T20:53:09,"going to sleep for 90 minutes, ping me if the build breaks"
I00285,U0027,H007,discord_message,2024-09-17T19:27:43,"i am taking the ingestion path, you take the UI, lets not touch the same files"
I00286,U0027,,discord_message,2025-10-26T13:09:19,"the api key rotated, new one is in the env file on the shared drive"
I00287,U0027,,question,2025-08-12T17:07:15,Is the dataset they provided allowed to be augmented with external data?
I00288,U0027,H007,comment,2024-09-28T15:33:20,"Shout-out to whoever left the HDMI adapter at table 14, you saved our demo."
I00289,U0027,,question,2024-11-06T19:46:06,What is the best way to handle auth for a demo that has to work offline?
I00290,U0027,,discord_message,2024-06-30T17:36:54,"rehearsed twice, we are at 3:10 so we need to cut about twenty seconds"
I00291,U0028,,profile_update,2025-04-25T17:28:55,
I00292,U0028,H003,comment,2024-04-05T20:06:18,"We pivoted at 3am and it was the right call, the first idea had no demo path."
I00293,U0028,H003,comment,2024-04-10T17:23:18,"Shout-out to whoever left the HDMI adapter at table 14, you saved our demo."
I00294,U0028,,comment,2025-08-03T21:41:33,"Great talk on vector databases, the part about hybrid retrieval was the useful bit."
I00295,U0028,H003,question,2024-04-06T15:40:33,"What counts as ""using"" the sponsor tech for the prize track?"
I00296,U0029,H005,comment,2024-06-15T11:06:27,"The graph database workshop was much better than I expected, worth the hour."
I00297,U0029,H002,workshop_attended,2024-03-03T18:49:17,
I00298,U0029,H005,discord_message,2024-07-02T09:02:52,"the api key rotated, new one is in the env file on the shared drive"
I00299,U0029,H011,answered_question,2025-02-12T15:47:25,Rate limit is 60 requests per minute per key. Batch your calls.
I00300,U0030,,comment,2024-12-01T14:38:26,"Shout-out to whoever left the HDMI adapter at table 14, you saved our demo."
I00301,U0031,H020,question,2026-02-16T22:07:35,Are we expected to present on the main stage or at our table?
I00302,U0031,H020,answered_question,2026-02-07T21:30:21,Pre-existing repos are allowed if you declare them and the new work is clearly separable.
I00303,U0031,,comment,2026-04-30T17:09:46,"The graph database workshop was much better than I expected, worth the hour."
I00304,U0031,H020,discord_message,2026-02-04T19:23:29,"demo script is in the shared doc, please read it before we rehearse"
I00305,U0032,H015,profile_update,2025-07-16T22:16:51,
I00306,U0032,H016,discord_message,2025-08-28T15:20:29,"last commit before freeze, do not push anything after this"
I00307,U0032,H015,comment,2025-07-21T11:52:48,"The graph database workshop was much better than I expected, worth the hour."
I00308,U0032,,discord_message,2026-04-26T08:39:26,"demo script is in the shared doc, please read it before we rehearse"
I00309,U0033,H012,answered_question,2025-03-13T18:02:46,"Judges look at the running product first, code only if they have doubts."
I00310,U0033,H006,question,2024-08-03T19:55:59,Is there a template for the submission writeup anywhere?
I00311,U0033,H006,discord_message,2024-08-18T12:34:08,"going to sleep for 90 minutes, ping me if the build breaks"
I00312,U0033,H006,question,2024-08-08T14:38:57,Do judges want to see the code or just the running product?
I00313,U0033,,comment,2025-03-17T22:38:29,"Our team is two people short, DM me if you want to join a GenAI track build."
I00314,U0033,H016,comment,2025-09-03T08:18:41,Really liked that the results were announced with the score breakdown.
I00315,U0033,,comment,2024-11-19T12:22:51,The mentor feedback on scoping was the single most useful thing this weekend.
I00316,U0033,H012,discord_message,2025-03-12T21:24:00,"i am taking the ingestion path, you take the UI, lets not touch the same files"
I00317,U0033,H012,discord_message,2025-03-25T18:41:49,"pushing the fix now, pull before you touch the retrieval service"
I00318,U0033,,question,2025-08-12T10:41:14,Can we use a pre-existing repo as a starting point or does everything have to be written here?
I00319,U0034,H011,discord_message,2025-02-08T15:02:55,"found the bug, it was a timezone thing in the date parsing"
I00320,U0034,H017,discord_message,2025-09-25T10:35:27,"the api key rotated, new one is in the env file on the shared drive"
I00321,U0034,,question,2025-11-16T22:08:59,Can one person be on two teams for different tracks?
I00322,U0034,H017,answered_question,2025-10-14T20:00:51,"Use a hotspot for the demo, the venue wifi drops under load every year."
I00323,U0036,H011,comment,2025-02-21T18:56:12,Anyone have a spare USB-C charger? Ours walked off.
I00324,U0036,H011,discord_message,2025-02-23T08:41:47,"moving our table to near the power outlets, we are at 22 now"
I00325,U0036,H011,question,2025-02-26T16:15:45,Does anyone know if the AuraDB free tier can handle a few hundred thousand nodes?
I00326,U0037,,discord_message,2025-01-31T22:43:31,"the api key rotated, new one is in the env file on the shared drive"
I00327,U0038,H008,question,2024-10-28T23:13:23,Are teams allowed to be four people or is three the cap this time?
I00328,U0038,,comment,2026-05-29T13:14:37,"Our demo broke live and we still placed, so do not panic if yours does."
I00329,U0038,,question,2024-08-10T10:59:56,Is there a template for the submission writeup anywhere?
I00330,U0038,H008,answered_question,2024-10-22T10:10:23,"If your deployment dies they will let you show a recording, but tell them beforehand."
I00331,U0039,H001,profile_update,2024-01-15T17:44:34,
I00332,U0039,,discord_message,2026-04-09T10:39:41,"the api key rotated, new one is in the env file on the shared drive"
I00333,U0039,H001,comment,2024-01-15T18:46:29,"The wifi in hall B is unusable, switching to a hotspot if anyone wants to share."
I00334,U0043,H008,discord_message,2024-10-23T21:08:33,"last commit before freeze, do not push anything after this"
I00335,U0043,H024,question,2026-07-25T16:09:15,Do judges want to see the code or just the running product?
I00336,U0043,H024,discord_message,2026-07-29T20:11:26,"pushing the fix now, pull before you touch the retrieval service"
I00337,U0043,H024,workshop_attended,2026-08-13T20:37:37,
I00338,U0043,H008,workshop_attended,2024-11-05T20:40:06,
I00339,U0043,H008,workshop_attended,2024-10-30T08:26:42,
I00340,U0044,H015,discord_message,2025-07-15T22:37:33,"we are cutting the matchmaking feature, no time"
I00341,U0044,,comment,2026-05-25T13:45:45,Finally got the deployment working. The build was failing because of a Node version mismatch.
I00342,U0044,H015,answered_question,2025-07-22T22:10:30,"You can be on two teams but you can only win once, which they enforce."
I00343,U0044,H008,question,2024-10-28T12:22:23,Do judges want to see the code or just the running product?
I00344,U0044,,discord_message,2026-08-10T14:50:19,"demo script is in the shared doc, please read it before we rehearse"
I00345,U0044,,workshop_attended,2025-11-14T22:54:06,
I00346,U0044,,answered_question,2025-09-11T10:11:18,Fine-tuning is allowed. Two teams did it last year.
I00347,U0044,,comment,2026-04-15T11:58:54,Coffee has run out on floor 2 for anyone planning their next hour around it.
I00348,U0045,H007,discord_message,2024-09-12T13:55:56,"going to sleep for 90 minutes, ping me if the build breaks"
I00349,U0045,H010,discord_message,2025-01-15T09:52:06,"going to sleep for 90 minutes, ping me if the build breaks"
I00350,U0045,H010,question,2025-01-02T19:37:46,What is the best way to handle auth for a demo that has to work offline?
I00351,U0045,H010,discord_message,2025-01-01T22:54:08,anyone awake? stuck on a merge conflict in the schema file
I00352,U0045,,comment,2026-02-17T20:40:54,Coffee has run out on floor 2 for anyone planning their next hour around it.
I00353,U0045,H007,answered_question,2024-09-15T20:49:18,The writeup template is linked in the pinned message on the announcements channel.
I00354,U0045,H007,question,2024-09-27T14:29:23,Is model fine-tuning allowed or is it inference only?
I00355,U0045,H007,discord_message,2024-09-18T16:50:47,anyone awake? stuck on a merge conflict in the schema file
I00356,U0045,H015,workshop_attended,2025-07-12T12:35:03,
I00357,U0045,,question,2025-05-01T23:01:28,Is model fine-tuning allowed or is it inference only?
I00358,U0045,H007,comment,2024-09-23T14:01:13,"Great talk on vector databases, the part about hybrid retrieval was the useful bit."
I00359,U0045,H010,discord_message,2025-01-19T14:08:55,"i am taking the ingestion path, you take the UI, lets not touch the same files"
I00360,U0046,H020,profile_update,2026-02-04T17:10:46,
I00361,U0046,,comment,2025-05-19T12:49:06,"The wifi in hall B is unusable, switching to a hotspot if anyone wants to share."
I00362,U0046,H016,discord_message,2025-09-09T19:26:45,"last commit before freeze, do not push anything after this"
I00363,U0046,H016,comment,2025-09-08T17:30:12,Does the sponsor prize require using their hosted version or is self-hosted fine?
I00364,U0046,H004,comment,2024-05-13T10:10:46,"Great talk on vector databases, the part about hybrid retrieval was the useful bit."
I00365,U0046,H015,comment,2025-08-03T10:13:48,"The wifi in hall B is unusable, switching to a hotspot if anyone wants to share."
I00366,U0046,,comment,2026-01-29T22:54:25,"We pivoted at 3am and it was the right call, the first idea had no demo path."
I00367,U0046,,comment,2025-12-14T22:30:44,"If anyone is stuck on CORS with the workshop template, the fix is in the pinned message."
I00368,U0046,,workshop_attended,2026-02-09T19:33:16,
I00369,U0046,,discord_message,2024-07-18T21:52:16,"moving our table to near the power outlets, we are at 22 now"
I00370,U0046,H016,profile_update,2025-09-04T23:38:38,
I00371,U0046,H020,comment,2026-02-27T13:03:04,Third hackathon here and the organisation keeps getting better.
I00372,U0046,,answered_question,2025-07-01T18:40:08,Pre-existing repos are allowed if you declare them and the new work is clearly separable.
I00373,U0046,H020,comment,2026-02-18T19:52:18,"Our team is two people short, DM me if you want to join a GenAI track build."
I00374,U0046,,question,2025-06-19T22:36:57,"Is there a rate limit on the embeddings endpoint, and if so what is it?"
I00375,U0046,H016,answered_question,2025-08-19T16:12:42,"You can be on two teams but you can only win once, which they enforce."
I00376,U0046,H015,discord_message,2025-07-21T12:37:42,anyone awake? stuck on a merge conflict in the schema file
I00377,U0046,,comment,2024-02-28T10:03:07,Coffee has run out on floor 2 for anyone planning their next hour around it.
I00378,U0046,H016,comment,2025-08-17T15:23:18,Anyone have a spare USB-C charger? Ours walked off.
I00379,U0046,H020,answered_question,2026-02-23T14:57:45,"Judges look at the running product first, code only if they have doubts."
I00380,U0047,H022,discord_message,2026-05-08T16:22:37,"demo script is in the shared doc, please read it before we rehearse"
I00381,U0047,H022,answered_question,2026-05-08T15:04:36,You can augment the dataset as long as you declare the extra sources.
I00382,U0047,,workshop_attended,2026-06-23T17:27:21,
I00383,U0047,,question,2026-05-18T17:04:25,Do judges want to see the code or just the running product?
I00384,U0047,H022,comment,2026-05-31T14:58:40,Coffee has run out on floor 2 for anyone planning their next hour around it.
I00385,U0048,,answered_question,2026-02-28T13:50:44,You can augment the dataset as long as you declare the extra sources.
I00386,U0048,,comment,2025-10-20T11:56:21,"We pivoted at 3am and it was the right call, the first idea had no demo path."
I00387,U0051,,answered_question,2025-08-15T13:13:21,Rate limit is 60 requests per minute per key. Batch your calls.
I00388,U0051,H001,workshop_attended,2024-01-27T22:59:05,
I00389,U0051,H001,comment,2024-01-25T17:30:08,"If anyone is stuck on CORS with the workshop template, the fix is in the pinned message."
I00390,U0051,H001,profile_update,2024-01-22T13:48:18,
I00391,U0051,,discord_message,2024-04-14T09:07:17,"we are cutting the matchmaking feature, no time"
I00392,U0051,,workshop_attended,2024-07-13T12:46:45,
I00393,U0052,H009,comment,2024-11-24T19:35:39,"Shout-out to whoever left the HDMI adapter at table 14, you saved our demo."
I00394,U0052,H009,comment,2024-11-26T19:36:02,Does the sponsor prize require using their hosted version or is self-hosted fine?
I00395,U0052,H009,answered_question,2024-12-07T19:41:10,"If your deployment dies they will let you show a recording, but tell them beforehand."
I00396,U0053,H021,comment,2026-04-09T18:48:42,Anyone have a spare USB-C charger? Ours walked off.
I00397,U0053,,question,2026-08-31T19:27:50,"What counts as ""using"" the sponsor tech for the prize track?"
I00398,U0053,,comment,2026-08-18T22:52:25,"Shout-out to whoever left the HDMI adapter at table 14, you saved our demo."
I00399,U0053,,discord_message,2026-04-30T20:28:00,"we are cutting the matchmaking feature, no time"
I00400,U0053,H021,comment,2026-03-27T18:29:25,"The graph database workshop was much better than I expected, worth the hour."
I00401,U0053,,question,2026-02-18T13:19:57,What happens if our deployment goes down during judging?
I00402,U0054,H007,comment,2024-09-11T17:19:16,"Judging felt fair this time, the rubric being published in advance helped a lot."
I00403,U0054,H002,comment,2024-02-24T20:06:25,Really liked that the results were announced with the score breakdown.
I00404,U0054,H002,comment,2024-02-25T11:07:46,Third hackathon here and the organisation keeps getting better.
I00405,U0054,H002,discord_message,2024-03-02T08:01:39,"moving our table to near the power outlets, we are at 22 now"
I00406,U0054,H002,comment,2024-02-27T08:40:31,"Shout-out to whoever left the HDMI adapter at table 14, you saved our demo."
I00407,U0054,H002,discord_message,2024-02-26T15:43:18,"the api key rotated, new one is in the env file on the shared drive"
I00408,U0055,H014,profile_update,2025-06-12T16:05:01,
I00409,U0055,H014,comment,2025-05-29T17:42:33,Anyone else getting a 429 from the sponsor API? Third time in ten minutes.
I00410,U0055,,discord_message,2026-07-10T17:08:17,can someone take screenshots for the submission while i fix the deploy
I00411,U0055,H014,workshop_attended,2025-06-06T09:04:08,
I00412,U0055,H014,discord_message,2025-06-15T21:23:42,"i am taking the ingestion path, you take the UI, lets not touch the same files"
I00413,U0055,H014,discord_message,2025-06-17T22:10:21,can someone take screenshots for the submission while i fix the deploy
I00414,U0056,,answered_question,2026-07-24T17:15:37,You get three minutes plus two for questions. They are strict about it.
I00415,U0057,,answered_question,2026-08-01T14:25:20,"If your deployment dies they will let you show a recording, but tell them beforehand."
I00416,U0058,H016,answered_question,2025-08-23T15:37:38,"Yes, self-hosted counts for the prize track, it was confirmed on the Discord at 11am."
I00417,U0058,,answered_question,2026-09-01T14:00:28,"Yes, self-hosted counts for the prize track, it was confirmed on the Discord at 11am."
I00418,U0058,H022,workshop_attended,2026-05-13T17:50:55,
I00419,U0058,H016,discord_message,2025-08-21T13:09:34,"found the bug, it was a timezone thing in the date parsing"
I00420,U0058,H016,answered_question,2025-09-04T12:48:34,You get three minutes plus two for questions. They are strict about it.
I00421,U0059,H022,question,2026-05-08T23:05:27,What happens if our deployment goes down during judging?
I00422,U0059,,answered_question,2026-01-22T22:03:15,"Yes, self-hosted counts for the prize track, it was confirmed on the Discord at 11am."
I00423,U0059,H020,question,2026-02-16T22:32:45,"How long do we get for the demo, including questions?"
I00424,U0059,H023,answered_question,2026-07-05T14:27:06,"For offline auth just stub it and say so, nobody marks you down for that."
I00425,U0059,,workshop_attended,2026-01-26T23:27:29,
I00426,U0059,H022,question,2026-06-02T18:14:25,Can one person be on two teams for different tracks?
I00427,U0059,,question,2025-06-22T22:21:19,Is model fine-tuning allowed or is it inference only?
I00428,U0059,H015,discord_message,2025-07-10T21:15:57,can someone take screenshots for the submission while i fix the deploy
I00429,U0059,H022,question,2026-05-28T08:07:01,What happens if our deployment goes down during judging?
I00430,U0059,H023,discord_message,2026-07-15T10:13:23,"rehearsed twice, we are at 3:10 so we need to cut about twenty seconds"
I00431,U0059,H016,workshop_attended,2025-08-26T09:25:34,
I00432,U0059,H015,workshop_attended,2025-07-14T21:26:24,
I00433,U0059,H008,comment,2024-10-14T20:34:09,Anyone else getting a 429 from the sponsor API? Third time in ten minutes.
I00434,U0059,H010,workshop_attended,2024-12-30T17:32:05,
I00435,U0059,H012,question,2025-03-14T08:35:02,"What counts as ""using"" the sponsor tech for the prize track?"
I00436,U0059,H020,workshop_attended,2026-02-12T09:53:43,
I00437,U0059,H020,workshop_attended,2026-02-27T23:26:14,
I00438,U0059,,discord_message,2024-08-10T16:21:23,"going to sleep for 90 minutes, ping me if the build breaks"
I00439,U0059,,discord_message,2025-05-01T17:12:10,anyone awake? stuck on a merge conflict in the schema file
I00440,U0059,H015,answered_question,2025-07-13T18:24:50,"If your deployment dies they will let you show a recording, but tell them beforehand."
I00441,U0059,H022,question,2026-05-23T17:02:09,Is there a template for the submission writeup anywhere?
I00442,U0061,H022,workshop_attended,2026-05-30T19:32:04,
I00443,U0061,H022,question,2026-06-01T20:23:16,What is the best way to handle auth for a demo that has to work offline?
I00444,U0061,H015,comment,2025-07-24T15:14:56,Anyone have a spare USB-C charger? Ours walked off.
I00445,U0061,,question,2025-07-28T20:07:00,Are we expected to present on the main stage or at our table?
I00446,U0061,H023,question,2026-06-23T16:41:26,Does anyone know if the AuraDB free tier can handle a few hundred thousand nodes?
I00447,U0061,,workshop_attended,2025-08-14T23:39:40,
I00448,U0061,H023,question,2026-07-15T19:30:56,Are teams allowed to be four people or is three the cap this time?
I00449,U0061,H022,answered_question,2026-05-07T21:09:26,Fine-tuning is allowed. Two teams did it last year.
I00450,U0061,H015,answered_question,2025-07-29T18:27:38,Fine-tuning is allowed. Two teams did it last year.
I00451,U0061,,discord_message,2026-05-14T18:41:03,anyone awake? stuck on a merge conflict in the schema file
I00452,U0061,H015,question,2025-07-20T15:42:43,Are we expected to present on the main stage or at our table?
I00453,U0061,,question,2026-07-03T18:13:37,Is model fine-tuning allowed or is it inference only?
I00454,U0062,H004,profile_update,2024-05-23T14:20:02,
I00455,U0062,H001,workshop_attended,2024-01-18T17:52:18,
I00456,U0062,,workshop_attended,2024-10-09T21:10:32,
I00457,U0062,H004,answered_question,2024-05-06T15:32:32,You can augment the dataset as long as you declare the extra sources.
I00458,U0062,H016,question,2025-08-17T08:27:23,"What counts as ""using"" the sponsor tech for the prize track?"
I00459,U0062,,comment,2024-01-10T17:48:37,Really liked that the results were announced with the score breakdown.
I00460,U0062,H004,answered_question,2024-05-31T15:03:16,"You can be on two teams but you can only win once, which they enforce."
I00461,U0062,H016,comment,2025-08-27T13:29:14,Does the sponsor prize require using their hosted version or is self-hosted fine?
I00462,U0062,H016,discord_message,2025-08-31T09:58:51,"found the bug, it was a timezone thing in the date parsing"
I00463,U0064,,discord_message,2026-08-24T19:32:14,"pushing the fix now, pull before you touch the retrieval service"
I00464,U0064,,answered_question,2026-04-02T16:15:49,"If your deployment dies they will let you show a recording, but tell them beforehand."
I00465,U0066,H010,profile_update,2025-01-14T12:01:15,
I00466,U0066,,discord_message,2026-03-29T15:24:07,"demo script is in the shared doc, please read it before we rehearse"
I00467,U0066,,workshop_attended,2026-07-14T12:34:05,
I00468,U0066,,comment,2025-03-03T17:25:01,Really liked that the results were announced with the score breakdown.
I00469,U0066,H022,comment,2026-05-27T19:26:41,Anyone have a spare USB-C charger? Ours walked off.
I00470,U0066,H010,question,2025-01-15T22:36:45,Are we expected to present on the main stage or at our table?
I00471,U0066,H005,discord_message,2024-06-11T08:25:17,"rehearsed twice, we are at 3:10 so we need to cut about twenty seconds"
I00472,U0066,,comment,2025-09-30T11:35:14,Finally got the deployment working. The build was failing because of a Node version mismatch.
I00473,U0066,H022,workshop_attended,2026-05-22T20:08:39,
I00474,U0066,H022,comment,2026-05-16T19:31:12,Third hackathon here and the organisation keeps getting better.
I00475,U0066,H012,comment,2025-03-17T17:50:04,"The graph database workshop was much better than I expected, worth the hour."
I00476,U0066,H022,question,2026-05-09T21:57:43,Is the dataset they provided allowed to be augmented with external data?
I00477,U0066,H005,question,2024-06-25T19:24:53,What happens if our deployment goes down during judging?
I00478,U0067,H017,question,2025-10-12T20:27:05,"How long do we get for the demo, including questions?"
I00479,U0067,,comment,2025-07-17T22:57:13,Anyone else getting a 429 from the sponsor API? Third time in ten minutes.
I00480,U0067,H017,discord_message,2025-10-16T09:25:30,"found the bug, it was a timezone thing in the date parsing"
I00481,U0067,,discord_message,2026-08-19T18:23:05,"moving our table to near the power outlets, we are at 22 now"
I00482,U0069,H002,comment,2024-02-08T15:54:32,"Reminder that the submission deadline is 6pm not 8pm, it changed on the Discord."
I00483,U0069,H007,comment,2024-09-15T11:20:56,Coffee has run out on floor 2 for anyone planning their next hour around it.
I00484,U0069,H021,comment,2026-03-24T16:55:19,"If anyone is stuck on CORS with the workshop template, the fix is in the pinned message."
I00485,U0069,H002,profile_update,2024-03-07T19:29:19,
I00486,U0069,H002,answered_question,2024-02-23T13:19:31,"You can be on two teams but you can only win once, which they enforce."
I00487,U0069,H002,comment,2024-02-26T23:58:16,Does the sponsor prize require using their hosted version or is self-hosted fine?
I00488,U0069,H021,profile_update,2026-03-29T23:34:27,
I00489,U0069,,comment,2025-02-07T16:39:41,"Judging felt fair this time, the rubric being published in advance helped a lot."
I00490,U0069,H002,profile_update,2024-03-01T19:50:27,
I00491,U0069,H004,question,2024-05-16T11:45:29,"What counts as ""using"" the sponsor tech for the prize track?"
I00492,U0069,H007,question,2024-09-22T16:48:00,What happens if our deployment goes down during judging?
I00493,U0069,H007,comment,2024-09-22T13:58:37,Finally got the deployment working. The build was failing because of a Node version mismatch.
I00494,U0069,H007,comment,2024-09-07T09:36:57,Does the sponsor prize require using their hosted version or is self-hosted fine?
I00495,U0069,H007,discord_message,2024-09-25T17:31:11,"i am taking the ingestion path, you take the UI, lets not touch the same files"
I00496,U0069,H004,workshop_attended,2024-05-13T10:38:07,
I00497,U0070,H005,answered_question,2024-07-09T22:32:54,"You can be on two teams but you can only win once, which they enforce."
I00498,U0070,H005,comment,2024-06-18T08:31:30,Anyone have a spare USB-C charger? Ours walked off.
I00499,U0070,H005,comment,2024-06-26T21:59:18,Coffee has run out on floor 2 for anyone planning their next hour around it.
I00500,U0071,,discord_message,2026-02-15T12:20:10,"demo script is in the shared doc, please read it before we rehearse"
I00501,U0071,H015,question,2025-07-21T15:16:29,"Is there a rate limit on the embeddings endpoint, and if so what is it?"
I00502,U0071,,question,2025-11-22T08:24:58,"What counts as ""using"" the sponsor tech for the prize track?"
I00503,U0071,,discord_message,2025-08-26T20:39:21,anyone awake? stuck on a merge conflict in the schema file
I00504,U0071,H016,answered_question,2025-08-24T14:48:40,"Yes, self-hosted counts for the prize track, it was confirmed on the Discord at 11am."
I00505,U0071,H015,discord_message,2025-07-11T22:02:49,"rehearsed twice, we are at 3:10 so we need to cut about twenty seconds"
I00506,U0071,H016,question,2025-09-02T20:02:18,Is there a template for the submission writeup anywhere?
I00507,U0071,,comment,2025-06-16T11:33:16,"The wifi in hall B is unusable, switching to a hotspot if anyone wants to share."
I00508,U0073,,workshop_attended,2025-06-11T17:26:36,
I00509,U0073,H010,workshop_attended,2025-01-09T17:42:46,
I00510,U0073,,comment,2025-11-29T23:02:51,"Judging felt fair this time, the rubric being published in advance helped a lot."
I00511,U0073,H014,question,2025-06-20T19:57:42,Is model fine-tuning allowed or is it inference only?
I00512,U0073,H014,question,2025-06-04T16:57:39,Do judges want to see the code or just the running product?
I00513,U0073,H010,profile_update,2025-01-16T17:29:25,
I00514,U0073,,question,2023-11-05T19:21:34,Is there a template for the submission writeup anywhere?
I00515,U0073,H014,answered_question,2025-06-09T17:08:44,"Use a hotspot for the demo, the venue wifi drops under load every year."
I00516,U0073,,comment,2026-03-03T18:11:06,"If anyone is stuck on CORS with the workshop template, the fix is in the pinned message."
I00517,U0073,H001,question,2024-01-22T14:28:10,"Is there a rate limit on the embeddings endpoint, and if so what is it?"
I00518,U0073,H010,discord_message,2025-01-08T17:20:38,"rehearsed twice, we are at 3:10 so we need to cut about twenty seconds"
I00519,U0074,,comment,2026-01-14T12:20:09,Coffee has run out on floor 2 for anyone planning their next hour around it.
I00520,U0075,,discord_message,2025-09-07T14:31:48,"we are cutting the matchmaking feature, no time"
I00521,U0075,H024,question,2026-07-31T08:02:50,"How long do we get for the demo, including questions?"
I00522,U0075,H005,question,2024-06-21T20:01:13,Is the dataset they provided allowed to be augmented with external data?
I00523,U0075,H005,comment,2024-06-20T13:23:37,"The wifi in hall B is unusable, switching to a hotspot if anyone wants to share."
I00524,U0075,H024,comment,2026-08-17T16:55:52,Anyone have a spare USB-C charger? Ours walked off.
I00525,U0075,H017,comment,2025-10-04T19:27:11,"Our demo broke live and we still placed, so do not panic if yours does."
I00526,U0075,H017,discord_message,2025-09-26T20:41:13,"i am taking the ingestion path, you take the UI, lets not touch the same files"
I00527,U0075,H017,comment,2025-09-29T18:40:34,Does the sponsor prize require using their hosted version or is self-hosted fine?
I00528,U0075,H005,comment,2024-06-22T14:23:15,Really liked that the results were announced with the score breakdown.
I00529,U0075,,discord_message,2026-03-18T14:24:27,"we are cutting the matchmaking feature, no time"
I00530,U0075,,discord_message,2025-11-15T15:18:19,anyone awake? stuck on a merge conflict in the schema file
I00531,U0076,H002,comment,2024-03-04T21:12:13,Does the sponsor prize require using their hosted version or is self-hosted fine?
I00532,U0076,H012,comment,2025-03-27T23:09:55,"If anyone is stuck on CORS with the workshop template, the fix is in the pinned message."
I00533,U0076,H017,comment,2025-09-28T20:23:59,Anyone else getting a 429 from the sponsor API? Third time in ten minutes.
I00534,U0076,H014,answered_question,2025-06-04T18:32:37,Pre-existing repos are allowed if you declare them and the new work is clearly separable.
I00535,U0076,,answered_question,2025-12-19T22:02:42,"Judges look at the running product first, code only if they have doubts."
I00536,U0076,,workshop_attended,2025-03-07T22:34:54,
I00537,U0076,H012,comment,2025-03-15T08:15:08,Coffee has run out on floor 2 for anyone planning their next hour around it.
I00538,U0076,H017,profile_update,2025-10-17T17:14:16,
I00539,U0076,,answered_question,2024-10-25T23:25:19,"Use a hotspot for the demo, the venue wifi drops under load every year."
I00540,U0076,,workshop_attended,2024-03-12T20:37:42,
I00541,U0077,,question,2024-07-13T10:53:37,"How long do we get for the demo, including questions?"
I00542,U0077,,workshop_attended,2026-06-19T15:06:42,
I00543,U0077,H007,discord_message,2024-09-20T14:10:30,"we are cutting the matchmaking feature, no time"
I00544,U0077,H007,comment,2024-09-23T12:17:38,Does the sponsor prize require using their hosted version or is self-hosted fine?
I00545,U0077,,question,2025-06-02T23:29:00,Is model fine-tuning allowed or is it inference only?
I00546,U0077,H007,discord_message,2024-09-09T11:15:32,"pushing the fix now, pull before you touch the retrieval service"
I00547,U0078,,discord_message,2024-10-28T12:58:56,"going to sleep for 90 minutes, ping me if the build breaks"
I00548,U0078,,question,2024-05-11T20:30:55,"How long do we get for the demo, including questions?"
I00549,U0078,,question,2024-09-27T13:11:58,Can we use a pre-existing repo as a starting point or does everything have to be written here?
I00550,U0078,H004,workshop_attended,2024-05-28T12:59:59,
I00551,U0078,H006,discord_message,2024-08-07T12:31:47,"rehearsed twice, we are at 3:10 so we need to cut about twenty seconds"
I00552,U0078,,question,2025-01-21T20:37:58,Is the dataset they provided allowed to be augmented with external data?
I00553,U0078,H006,comment,2024-08-15T13:49:52,The mentor feedback on scoping was the single most useful thing this weekend.
I00554,U0078,H004,question,2024-05-14T18:51:33,Is there a template for the submission writeup anywhere?
I00555,U0079,H023,comment,2026-07-01T13:43:04,The mentor feedback on scoping was the single most useful thing this weekend.
I00556,U0079,H023,profile_update,2026-07-06T17:13:24,
I00557,U0079,,discord_message,2026-07-07T23:18:14,"last commit before freeze, do not push anything after this"
I00558,U0079,H022,discord_message,2026-05-23T15:52:59,"i am taking the ingestion path, you take the UI, lets not touch the same files"
I00559,U0079,H022,comment,2026-05-28T22:24:57,Anyone else getting a 429 from the sponsor API? Third time in ten minutes.
I00560,U0079,H022,discord_message,2026-05-11T21:08:26,can someone take screenshots for the submission while i fix the deploy
I00561,U0079,,discord_message,2026-09-15T11:13:12,"pushing the fix now, pull before you touch the retrieval service"
I00562,U0079,H022,question,2026-05-12T20:40:03,Can one person be on two teams for different tracks?
I00563,U0079,H022,comment,2026-05-13T08:25:16,"The graph database workshop was much better than I expected, worth the hour."
I00564,U0081,H009,comment,2024-12-10T16:37:10,"The wifi in hall B is unusable, switching to a hotspot if anyone wants to share."
I00565,U0081,,question,2026-07-07T20:11:51,What is the best way to handle auth for a demo that has to work offline?
I00566,U0081,,answered_question,2026-06-21T23:34:37,You can augment the dataset as long as you declare the extra sources.
I00567,U0082,H006,comment,2024-07-24T20:29:18,The mentor feedback on scoping was the single most useful thing this weekend.
I00568,U0082,H006,answered_question,2024-08-07T13:32:08,"For offline auth just stub it and say so, nobody marks you down for that."
I00569,U0082,,question,2025-09-28T17:16:47,Is there a template for the submission writeup anywhere?
I00570,U0084,H004,answered_question,2024-05-28T08:03:50,"Yes, self-hosted counts for the prize track, it was confirmed on the Discord at 11am."
I00571,U0084,H004,answered_question,2024-05-24T09:15:53,"Use a hotspot for the demo, the venue wifi drops under load every year."
I00572,U0084,H004,discord_message,2024-06-02T11:11:40,can someone take screenshots for the submission while i fix the deploy
I00573,U0084,H004,question,2024-05-12T20:09:37,"What counts as ""using"" the sponsor tech for the prize track?"
I00574,U0085,H020,question,2026-02-11T21:31:57,Is the dataset they provided allowed to be augmented with external data?
I00575,U0085,,question,2025-08-18T09:25:18,What is the best way to handle auth for a demo that has to work offline?
I00576,U0085,H022,discord_message,2026-05-17T19:33:55,"going to sleep for 90 minutes, ping me if the build breaks"
I00577,U0085,,comment,2025-10-27T12:59:48,"The graph database workshop was much better than I expected, worth the hour."
I00578,U0085,H007,workshop_attended,2024-09-03T12:56:04,
I00579,U0085,H011,question,2025-02-04T23:16:20,"What counts as ""using"" the sponsor tech for the prize track?"
I00580,U0085,H007,question,2024-09-14T09:27:41,Is there a template for the submission writeup anywhere?
I00581,U0085,H007,comment,2024-09-12T21:20:11,"Judging felt fair this time, the rubric being published in advance helped a lot."
I00582,U0085,H007,question,2024-09-21T14:38:07,Is there a template for the submission writeup anywhere?
I00583,U0085,,discord_message,2024-12-10T20:09:27,"demo script is in the shared doc, please read it before we rehearse"
I00584,U0085,,comment,2024-09-28T16:07:25,Finally got the deployment working. The build was failing because of a Node version mismatch.
I00585,U0085,H011,question,2025-02-10T09:11:30,"What counts as ""using"" the sponsor tech for the prize track?"
I00586,U0085,H017,comment,2025-10-11T23:11:40,Anyone else getting a 429 from the sponsor API? Third time in ten minutes.
I00587,U0085,H023,discord_message,2026-07-04T20:12:24,"last commit before freeze, do not push anything after this"
I00588,U0085,H022,comment,2026-06-03T10:54:44,"Shout-out to whoever left the HDMI adapter at table 14, you saved our demo."
I00589,U0089,H004,discord_message,2024-05-07T10:12:33,can someone take screenshots for the submission while i fix the deploy
I00590,U0089,H004,discord_message,2024-05-11T19:02:37,"rehearsed twice, we are at 3:10 so we need to cut about twenty seconds"
I00591,U0089,H004,answered_question,2024-05-22T21:21:11,You get three minutes plus two for questions. They are strict about it.
I00592,U0089,,answered_question,2025-11-21T10:48:58,The writeup template is linked in the pinned message on the announcements channel.
I00593,U0090,H007,question,2024-09-23T15:27:23,Does anyone know if the AuraDB free tier can handle a few hundred thousand nodes?
I00594,U0090,,comment,2026-05-17T08:41:59,Anyone have a spare USB-C charger? Ours walked off.
I00595,U0090,H007,comment,2024-09-20T08:10:22,"The wifi in hall B is unusable, switching to a hotspot if anyone wants to share."
I00596,U0090,H007,question,2024-09-17T09:57:54,"What counts as ""using"" the sponsor tech for the prize track?"
I00597,U0091,H001,comment,2024-01-09T19:30:24,"Our demo broke live and we still placed, so do not panic if yours does."
I00598,U0091,,question,2023-11-30T21:07:48,Are teams allowed to be four people or is three the cap this time?
I00599,U0091,H001,question,2024-01-06T22:52:48,Does anyone know if the AuraDB free tier can handle a few hundred thousand nodes?
I00600,U0091,H022,question,2026-05-17T08:27:51,Are teams allowed to be four people or is three the cap this time?
I00601,U0091,H001,discord_message,2023-12-30T18:36:32,"we are cutting the matchmaking feature, no time"
I00602,U0091,,comment,2024-07-22T10:56:20,"Our team is two people short, DM me if you want to join a GenAI track build."
I00603,U0091,H022,comment,2026-05-12T08:21:59,Coffee has run out on floor 2 for anyone planning their next hour around it.
I00604,U0092,H020,discord_message,2026-02-15T14:59:12,"we are cutting the matchmaking feature, no time"
I00605,U0092,H020,profile_update,2026-02-10T19:55:01,
I00606,U0092,H020,comment,2026-02-28T08:43:16,"Reminder that the submission deadline is 6pm not 8pm, it changed on the Discord."
I00607,U0092,H011,comment,2025-02-06T19:52:15,Anyone have a spare USB-C charger? Ours walked off.
I00608,U0092,H020,question,2026-02-17T11:45:19,"How long do we get for the demo, including questions?"
I00609,U0092,H011,answered_question,2025-02-06T18:02:08,Fine-tuning is allowed. Two teams did it last year.
I00610,U0092,,question,2025-09-17T23:16:53,Is there a template for the submission writeup anywhere?
I00611,U0092,H011,comment,2025-02-15T20:32:22,"Great talk on vector databases, the part about hybrid retrieval was the useful bit."
I00612,U0092,H013,answered_question,2025-04-29T13:55:21,"For offline auth just stub it and say so, nobody marks you down for that."
I00613,U0092,H013,comment,2025-04-26T11:08:49,Anyone else getting a 429 from the sponsor API? Third time in ten minutes.
I00614,U0093,,discord_message,2025-12-16T11:19:56,"i am taking the ingestion path, you take the UI, lets not touch the same files"
I00615,U0095,,workshop_attended,2024-04-09T20:45:46,
I00616,U0095,,comment,2024-11-18T16:18:32,The mentor feedback on scoping was the single most useful thing this weekend.
I00617,U0095,H008,question,2024-10-15T08:01:56,Is there a template for the submission writeup anywhere?
I00618,U0095,H001,answered_question,2024-01-13T17:50:17,Fine-tuning is allowed. Two teams did it last year.
I00619,U0096,H021,workshop_attended,2026-04-05T13:15:32,
I00620,U0096,H004,workshop_attended,2024-05-25T08:46:12,
I00621,U0096,H004,discord_message,2024-05-20T10:49:39,"found the bug, it was a timezone thing in the date parsing"
I00622,U0096,H004,workshop_attended,2024-05-13T11:48:16,
I00623,U0096,H021,workshop_attended,2026-04-14T13:56:25,
I00624,U0096,H021,discord_message,2026-03-22T11:07:49,"pushing the fix now, pull before you touch the retrieval service"
I00625,U0096,,answered_question,2024-10-21T13:41:40,"Use a hotspot for the demo, the venue wifi drops under load every year."
I00626,U0096,,answered_question,2024-11-16T20:31:20,Fine-tuning is allowed. Two teams did it last year.
I00627,U0097,H006,workshop_attended,2024-08-19T08:25:28,
I00628,U0097,,profile_update,2025-01-26T22:26:37,
I00629,U0097,H021,discord_message,2026-04-10T08:05:51,"moving our table to near the power outlets, we are at 22 now"
I00630,U0097,H021,discord_message,2026-04-06T08:53:23,anyone awake? stuck on a merge conflict in the schema file
I00631,U0097,H021,discord_message,2026-03-27T21:06:49,"pushing the fix now, pull before you touch the retrieval service"
I00632,U0098,,profile_update,2026-05-10T14:00:59,
I00633,U0098,,question,2025-07-07T19:44:32,"Is there a rate limit on the embeddings endpoint, and if so what is it?"
I00634,U0099,,answered_question,2025-11-02T09:25:33,"Yes, self-hosted counts for the prize track, it was confirmed on the Discord at 11am."
I00635,U0099,H017,workshop_attended,2025-10-11T22:49:06,
I00636,U0099,H017,comment,2025-10-17T13:48:21,"If anyone is stuck on CORS with the workshop template, the fix is in the pinned message."
I00637,U0100,,comment,2026-09-05T17:56:07,Coffee has run out on floor 2 for anyone planning their next hour around it.
I00638,U0100,,comment,2026-02-28T10:22:58,"Shout-out to whoever left the HDMI adapter at table 14, you saved our demo."
I00639,U0102,,answered_question,2026-01-30T18:45:45,"Judges look at the running product first, code only if they have doubts."
I00640,U0102,,question,2026-06-26T10:07:30,"Is there a rate limit on the embeddings endpoint, and if so what is it?"
I00641,U0102,H010,workshop_attended,2025-01-23T20:23:56,
I00642,U0102,H016,answered_question,2025-08-31T19:25:47,You can augment the dataset as long as you declare the extra sources.
I00643,U0102,H002,workshop_attended,2024-02-11T11:40:53,
I00644,U0102,H002,question,2024-02-24T21:11:33,Does anyone know if the AuraDB free tier can handle a few hundred thousand nodes?
I00645,U0102,H016,workshop_attended,2025-09-01T23:33:05,
I00646,U0102,H010,workshop_attended,2025-01-13T13:11:58,
I00647,U0102,,question,2025-04-24T22:26:38,Can one person be on two teams for different tracks?
I00648,U0102,H010,question,2024-12-28T18:04:11,Are teams allowed to be four people or is three the cap this time?
I00649,U0102,H016,answered_question,2025-08-14T19:30:41,"You can be on two teams but you can only win once, which they enforce."
I00650,U0103,H002,workshop_attended,2024-02-28T14:34:53,
I00651,U0103,,discord_message,2024-07-03T20:17:07,"found the bug, it was a timezone thing in the date parsing"
I00652,U0103,H023,workshop_attended,2026-07-07T19:36:11,
I00653,U0103,H002,answered_question,2024-02-09T15:48:15,Pre-existing repos are allowed if you declare them and the new work is clearly separable.
I00654,U0103,,discord_message,2024-07-30T10:21:16,can someone take screenshots for the submission while i fix the deploy
I00655,U0104,H004,comment,2024-05-26T20:44:58,Anyone have a spare USB-C charger? Ours walked off.
I00656,U0104,H004,discord_message,2024-05-15T09:28:49,anyone awake? stuck on a merge conflict in the schema file
I00657,U0104,,workshop_attended,2025-11-30T21:27:46,
I00658,U0104,H004,question,2024-05-06T09:01:45,"What counts as ""using"" the sponsor tech for the prize track?"
I00659,U0105,,comment,2025-08-27T11:56:29,"Great talk on vector databases, the part about hybrid retrieval was the useful bit."
I00660,U0105,,question,2026-03-04T13:38:00,Does anyone know if the AuraDB free tier can handle a few hundred thousand nodes?
I00661,U0105,,discord_message,2026-03-07T20:49:12,"pushing the fix now, pull before you touch the retrieval service"
I00662,U0106,H012,question,2025-04-03T14:03:53,Does anyone know if the AuraDB free tier can handle a few hundred thousand nodes?
I00663,U0106,H012,discord_message,2025-04-04T21:26:52,"last commit before freeze, do not push anything after this"
I00664,U0106,H012,workshop_attended,2025-03-21T14:41:55,
I00665,U0106,H012,comment,2025-04-04T08:42:28,Anyone have a spare USB-C charger? Ours walked off.
I00666,U0106,H012,discord_message,2025-03-17T10:56:30,"i am taking the ingestion path, you take the UI, lets not touch the same files"
I00667,U0106,H012,comment,2025-03-23T23:02:23,"Reminder that the submission deadline is 6pm not 8pm, it changed on the Discord."
I00668,U0108,H014,discord_message,2025-05-29T16:40:36,"rehearsed twice, we are at 3:10 so we need to cut about twenty seconds"
I00669,U0108,H014,discord_message,2025-06-12T21:06:01,"i am taking the ingestion path, you take the UI, lets not touch the same files"
I00670,U0108,,profile_update,2025-05-08T09:52:26,
I00671,U0108,H014,comment,2025-06-06T09:49:15,"Great talk on vector databases, the part about hybrid retrieval was the useful bit."
I00672,U0108,,discord_message,2025-07-07T12:48:19,"last commit before freeze, do not push anything after this"
I00673,U0109,,answered_question,2024-12-14T09:28:23,"Use a hotspot for the demo, the venue wifi drops under load every year."
I00674,U0109,H006,comment,2024-07-29T18:44:13,"Great talk on vector databases, the part about hybrid retrieval was the useful bit."
I00675,U0109,H016,answered_question,2025-09-07T23:02:24,You get three minutes plus two for questions. They are strict about it.
I00676,U0109,H006,comment,2024-08-16T21:21:15,"Our team is two people short, DM me if you want to join a GenAI track build."
I00677,U0109,H006,comment,2024-08-14T13:41:01,"If anyone is stuck on CORS with the workshop template, the fix is in the pinned message."
I00678,U0109,H005,discord_message,2024-06-23T10:47:56,"moving our table to near the power outlets, we are at 22 now"
I00679,U0109,H016,comment,2025-08-27T08:06:59,Finally got the deployment working. The build was failing because of a Node version mismatch.
I00680,U0109,,answered_question,2025-11-28T09:29:38,"The cap is four this time, it changed from last edition."
I00681,U0109,H013,question,2025-05-14T17:55:19,"Is there a rate limit on the embeddings endpoint, and if so what is it?"
I00682,U0109,,discord_message,2026-03-18T21:28:29,"going to sleep for 90 minutes, ping me if the build breaks"
I00683,U0109,,question,2024-11-14T20:04:34,Is model fine-tuning allowed or is it inference only?
I00684,U0109,H016,comment,2025-08-19T12:22:41,"Our demo broke live and we still placed, so do not panic if yours does."
I00685,U0110,H017,comment,2025-10-12T20:35:09,"Our team is two people short, DM me if you want to join a GenAI track build."
I00686,U0110,H017,discord_message,2025-09-27T23:45:24,"going to sleep for 90 minutes, ping me if the build breaks"
I00687,U0110,H017,answered_question,2025-09-20T15:50:25,You get three minutes plus two for questions. They are strict about it.
I00688,U0110,H017,discord_message,2025-10-04T09:34:51,anyone awake? stuck on a merge conflict in the schema file
I00689,U0110,H017,answered_question,2025-10-07T22:21:34,Rate limit is 60 requests per minute per key. Batch your calls.
I00690,U0110,H017,question,2025-10-11T15:40:16,Can one person be on two teams for different tracks?
I00691,U0111,H021,comment,2026-03-24T20:03:08,The mentor feedback on scoping was the single most useful thing this weekend.
I00692,U0111,H021,question,2026-03-23T10:10:11,Does anyone know if the AuraDB free tier can handle a few hundred thousand nodes?
I00693,U0111,,answered_question,2024-10-19T19:35:50,Rate limit is 60 requests per minute per key. Batch your calls.
I00694,U0111,,answered_question,2024-07-12T10:00:28,"Yes, self-hosted counts for the prize track, it was confirmed on the Discord at 11am."
I00695,U0111,H021,comment,2026-04-09T08:34:39,Anyone else getting a 429 from the sponsor API? Third time in ten minutes.
I00696,U0111,H008,comment,2024-10-19T21:17:23,"Our demo broke live and we still placed, so do not panic if yours does."
I00697,U0111,,comment,2025-08-28T10:14:25,Really liked that the results were announced with the score breakdown.
I00698,U0111,,profile_update,2025-12-14T22:25:03,
I00699,U0111,H021,discord_message,2026-04-18T15:58:37,"the api key rotated, new one is in the env file on the shared drive"
I00700,U0111,H021,comment,2026-03-27T15:43:06,"Our demo broke live and we still placed, so do not panic if yours does."
I00701,U0111,H021,question,2026-04-12T14:52:08,What happens if our deployment goes down during judging?
I00702,U0112,H021,discord_message,2026-04-12T18:59:12,"found the bug, it was a timezone thing in the date parsing"
I00703,U0112,H005,answered_question,2024-06-14T10:48:16,"Free tier handles that node count fine, but create your indexes before bulk loading."
I00704,U0112,H007,profile_update,2024-09-28T16:29:03,
I00705,U0112,H007,workshop_attended,2024-09-18T22:57:41,
I00706,U0112,H005,comment,2024-06-13T22:57:47,"Our team is two people short, DM me if you want to join a GenAI track build."
I00707,U0112,H021,workshop_attended,2026-04-06T20:35:27,
I00708,U0112,H005,comment,2024-07-08T12:09:23,Finally got the deployment working. The build was failing because of a Node version mismatch.
I00709,U0112,,comment,2025-02-24T17:08:50,"Our demo broke live and we still placed, so do not panic if yours does."
I00710,U0112,H021,comment,2026-04-18T14:37:01,"Our team is two people short, DM me if you want to join a GenAI track build."
I00711,U0112,H005,discord_message,2024-07-01T11:56:31,"found the bug, it was a timezone thing in the date parsing"
I00712,U0112,H021,discord_message,2026-03-26T21:34:58,"pushing the fix now, pull before you touch the retrieval service"
I00713,U0113,H022,answered_question,2026-05-27T15:30:10,"For offline auth just stub it and say so, nobody marks you down for that."
I00714,U0113,,question,2026-07-30T21:13:53,Can one person be on two teams for different tracks?
I00715,U0113,H022,comment,2026-05-26T14:23:33,"If anyone is stuck on CORS with the workshop template, the fix is in the pinned message."
I00716,U0113,H022,answered_question,2026-06-02T11:39:01,Fine-tuning is allowed. Two teams did it last year.
I00717,U0113,H022,comment,2026-05-20T15:27:01,"Judging felt fair this time, the rubric being published in advance helped a lot."
I00718,U0114,H017,profile_update,2025-09-30T22:57:18,
I00719,U0114,H017,discord_message,2025-09-22T17:06:16,"pushing the fix now, pull before you touch the retrieval service"
I00720,U0114,H023,question,2026-06-30T13:51:54,Can we use a pre-existing repo as a starting point or does everything have to be written here?
I00721,U0114,,question,2024-01-30T17:19:13,Are we expected to present on the main stage or at our table?
I00722,U0114,H017,discord_message,2025-09-28T09:34:38,"demo script is in the shared doc, please read it before we rehearse"
I00723,U0114,H003,question,2024-03-31T11:21:48,Are teams allowed to be four people or is three the cap this time?
I00724,U0114,H017,comment,2025-10-11T08:41:37,"The wifi in hall B is unusable, switching to a hotspot if anyone wants to share."
I00725,U0114,H023,answered_question,2026-07-08T12:53:58,You get three minutes plus two for questions. They are strict about it.
I00726,U0114,H003,discord_message,2024-03-30T12:13:26,"last commit before freeze, do not push anything after this"
I00727,U0114,,workshop_attended,2026-02-15T23:43:51,
I00728,U0116,H001,discord_message,2024-01-06T19:34:35,"found the bug, it was a timezone thing in the date parsing"
I00729,U0116,H001,workshop_attended,2023-12-31T21:00:36,
I00730,U0116,,comment,2026-05-20T08:33:05,"Shout-out to whoever left the HDMI adapter at table 14, you saved our demo."
I00731,U0117,H003,discord_message,2024-03-31T09:36:09,anyone awake? stuck on a merge conflict in the schema file
I00732,U0117,H005,comment,2024-06-18T18:29:37,"We pivoted at 3am and it was the right call, the first idea had no demo path."
I00733,U0117,,workshop_attended,2024-02-02T14:25:35,
I00734,U0117,,workshop_attended,2026-05-05T22:54:47,
I00735,U0117,H005,comment,2024-07-06T08:16:27,Third hackathon here and the organisation keeps getting better.
I00736,U0118,,comment,2026-01-26T12:00:35,Third hackathon here and the organisation keeps getting better.
I00737,U0118,,discord_message,2024-07-21T11:26:01,"demo script is in the shared doc, please read it before we rehearse"
I00738,U0118,,comment,2025-03-02T13:27:12,"The graph database workshop was much better than I expected, worth the hour."
I00739,U0118,H022,question,2026-05-11T11:36:40,Can one person be on two teams for different tracks?
I00740,U0118,,profile_update,2024-04-19T18:39:38,
I00741,U0118,,question,2025-04-15T11:16:40,Are teams allowed to be four people or is three the cap this time?
I00742,U0118,,discord_message,2023-11-22T10:49:55,"we are cutting the matchmaking feature, no time"
I00743,U0118,H014,discord_message,2025-06-09T15:26:03,"rehearsed twice, we are at 3:10 so we need to cut about twenty seconds"
I00744,U0118,H002,discord_message,2024-02-19T20:10:26,"going to sleep for 90 minutes, ping me if the build breaks"
I00745,U0118,H022,comment,2026-05-10T21:51:38,The mentor feedback on scoping was the single most useful thing this weekend.
I00746,U0118,H014,workshop_attended,2025-06-22T09:35:52,
I00747,U0118,H014,comment,2025-06-26T08:32:27,"Reminder that the submission deadline is 6pm not 8pm, it changed on the Discord."
I00748,U0118,H021,answered_question,2026-03-31T16:28:03,"Judges look at the running product first, code only if they have doubts."
I00749,U0118,,comment,2025-05-09T23:55:50,Third hackathon here and the organisation keeps getting better.
I00750,U0118,H020,comment,2026-02-19T20:59:11,"Judging felt fair this time, the rubric being published in advance helped a lot."
I00751,U0118,H014,discord_message,2025-06-04T15:20:56,"pushing the fix now, pull before you touch the retrieval service"
I00752,U0118,H022,answered_question,2026-05-14T20:16:10,The writeup template is linked in the pinned message on the announcements channel.
I00753,U0118,H020,answered_question,2026-03-03T22:55:14,"Use a hotspot for the demo, the venue wifi drops under load every year."
I00754,U0118,H010,comment,2025-01-19T10:13:33,"Reminder that the submission deadline is 6pm not 8pm, it changed on the Discord."
I00755,U0118,,question,2025-01-09T13:39:41,Are teams allowed to be four people or is three the cap this time?
I00756,U0118,H010,profile_update,2025-01-17T21:54:09,
I00757,U0118,H010,answered_question,2025-01-14T19:46:56,You get three minutes plus two for questions. They are strict about it.
I00758,U0118,,workshop_attended,2025-01-24T21:23:05,
I00759,U0118,H022,discord_message,2026-05-09T10:30:05,"going to sleep for 90 minutes, ping me if the build breaks"
I00760,U0118,H020,comment,2026-02-05T13:48:02,"Our demo broke live and we still placed, so do not panic if yours does."
I00761,U0118,H002,profile_update,2024-02-10T13:12:08,
I00762,U0118,H021,answered_question,2026-04-15T16:01:19,"Judges look at the running product first, code only if they have doubts."
I00763,U0118,,question,2025-06-18T23:32:23,Can we use a pre-existing repo as a starting point or does everything have to be written here?
I00764,U0119,H013,question,2025-05-05T12:43:56,"How long do we get for the demo, including questions?"
I00765,U0119,,discord_message,2024-08-01T23:21:54,"moving our table to near the power outlets, we are at 22 now"
I00766,U0119,,profile_update,2025-08-13T16:53:13,
I00767,U0119,H021,question,2026-04-10T13:21:57,Does anyone know if the AuraDB free tier can handle a few hundred thousand nodes?
I00768,U0119,H007,discord_message,2024-09-05T21:20:58,"moving our table to near the power outlets, we are at 22 now"
I00769,U0119,H013,comment,2025-04-27T10:44:07,"The graph database workshop was much better than I expected, worth the hour."
I00770,U0119,H013,discord_message,2025-05-06T14:30:07,"rehearsed twice, we are at 3:10 so we need to cut about twenty seconds"
I00771,U0119,,workshop_attended,2025-12-07T23:07:02,
I00772,U0120,,discord_message,2026-07-05T14:20:10,"we are cutting the matchmaking feature, no time"
I00773,U0120,H003,answered_question,2024-03-28T16:08:15,"If your deployment dies they will let you show a recording, but tell them beforehand."
I00774,U0120,,discord_message,2026-01-05T14:28:53,"moving our table to near the power outlets, we are at 22 now"
I00775,U0122,H012,question,2025-03-13T16:07:11,Is there a template for the submission writeup anywhere?
I00776,U0122,,comment,2026-06-10T19:50:48,Coffee has run out on floor 2 for anyone planning their next hour around it.
I00777,U0122,H008,answered_question,2024-11-04T23:32:36,"Yes, self-hosted counts for the prize track, it was confirmed on the Discord at 11am."
I00778,U0122,H018,profile_update,2025-11-15T10:26:20,
I00779,U0122,H012,comment,2025-04-06T15:53:04,"The graph database workshop was much better than I expected, worth the hour."
I00780,U0123,,comment,2025-09-26T08:23:31,"Reminder that the submission deadline is 6pm not 8pm, it changed on the Discord."
I00781,U0123,,workshop_attended,2026-07-21T12:49:22,
I00782,U0123,,workshop_attended,2026-06-19T21:39:12,
I00783,U0123,H015,discord_message,2025-07-29T19:13:25,"i am taking the ingestion path, you take the UI, lets not touch the same files"
I00784,U0123,H012,question,2025-03-12T11:05:31,"Is there a rate limit on the embeddings endpoint, and if so what is it?"
I00785,U0123,H012,profile_update,2025-04-06T15:42:09,
I00786,U0123,H012,comment,2025-03-12T14:02:29,"We pivoted at 3am and it was the right call, the first idea had no demo path."
I00787,U0124,,discord_message,2026-03-05T21:14:06,"going to sleep for 90 minutes, ping me if the build breaks"
I00788,U0124,H020,answered_question,2026-02-18T22:24:32,"The cap is four this time, it changed from last edition."
I00789,U0124,,question,2026-04-29T17:25:18,"Is there a rate limit on the embeddings endpoint, and if so what is it?"
I00790,U0124,,comment,2026-05-31T18:32:39,Anyone have a spare USB-C charger? Ours walked off.
I00791,U0128,H006,discord_message,2024-07-26T10:39:03,"pushing the fix now, pull before you touch the retrieval service"
I00792,U0128,,answered_question,2025-08-04T23:41:37,You can augment the dataset as long as you declare the extra sources.
I00793,U0128,,comment,2024-05-15T18:11:38,The mentor feedback on scoping was the single most useful thing this weekend.
I00794,U0128,H001,discord_message,2024-01-11T11:24:31,anyone awake? stuck on a merge conflict in the schema file
I00795,U0128,,answered_question,2024-02-09T08:12:37,"Free tier handles that node count fine, but create your indexes before bulk loading."
I00796,U0128,H021,discord_message,2026-03-29T20:01:59,"pushing the fix now, pull before you touch the retrieval service"
I00797,U0128,,comment,2024-03-04T23:47:08,Really liked that the results were announced with the score breakdown.
I00798,U0128,H006,discord_message,2024-08-09T23:17:12,"going to sleep for 90 minutes, ping me if the build breaks"
I00799,U0128,H006,profile_update,2024-08-09T22:37:34,
I00800,U0128,H021,comment,2026-04-18T19:12:40,"If anyone is stuck on CORS with the workshop template, the fix is in the pinned message."
I00801,U0128,H001,discord_message,2024-01-27T19:19:59,"last commit before freeze, do not push anything after this"
I00802,U0129,H019,comment,2026-01-10T15:25:53,"If anyone is stuck on CORS with the workshop template, the fix is in the pinned message."
I00803,U0129,H018,discord_message,2025-11-17T10:39:01,"we are cutting the matchmaking feature, no time"
I00804,U0129,H019,profile_update,2025-12-27T21:02:25,
I00805,U0129,H019,answered_question,2026-01-02T20:14:48,Pre-existing repos are allowed if you declare them and the new work is clearly separable.
I00806,U0129,,comment,2026-04-11T17:45:13,Finally got the deployment working. The build was failing because of a Node version mismatch.
I00807,U0129,,discord_message,2024-11-11T13:33:02,"we are cutting the matchmaking feature, no time"
I00808,U0129,H009,workshop_attended,2024-12-17T11:39:31,
I00809,U0129,H018,answered_question,2025-12-02T13:02:46,You can augment the dataset as long as you declare the extra sources.
I00810,U0129,H018,comment,2025-11-23T14:32:46,The mentor feedback on scoping was the single most useful thing this weekend.
I00811,U0129,,question,2025-03-02T19:07:57,Are teams allowed to be four people or is three the cap this time?
I00812,U0129,H019,question,2026-01-02T12:24:43,"How long do we get for the demo, including questions?"
I00813,U0129,H019,comment,2026-01-08T23:43:04,"Our demo broke live and we still placed, so do not panic if yours does."
I00814,U0130,,comment,2025-07-24T10:31:56,"Judging felt fair this time, the rubric being published in advance helped a lot."
I00815,U0131,H018,answered_question,2025-11-13T16:09:16,"Use a hotspot for the demo, the venue wifi drops under load every year."
I00816,U0131,H018,discord_message,2025-11-09T16:03:35,"going to sleep for 90 minutes, ping me if the build breaks"
I00817,U0131,,discord_message,2026-07-02T18:36:59,"rehearsed twice, we are at 3:10 so we need to cut about twenty seconds"
I00818,U0131,H018,comment,2025-11-09T13:38:49,Third hackathon here and the organisation keeps getting better.
I00819,U0132,,question,2026-06-30T22:53:39,"How long do we get for the demo, including questions?"
I00820,U0132,H012,comment,2025-03-25T23:58:37,"Great talk on vector databases, the part about hybrid retrieval was the useful bit."
I00821,U0132,,discord_message,2025-08-06T23:34:40,"demo script is in the shared doc, please read it before we rehearse"
I00822,U0132,H020,comment,2026-02-05T17:35:17,"Shout-out to whoever left the HDMI adapter at table 14, you saved our demo."
I00823,U0132,H012,workshop_attended,2025-04-08T20:41:51,
I00824,U0133,,comment,2025-05-25T22:27:40,"If anyone is stuck on CORS with the workshop template, the fix is in the pinned message."
I00825,U0133,H012,answered_question,2025-04-06T22:55:54,"You can be on two teams but you can only win once, which they enforce."
I00826,U0133,H014,question,2025-06-05T19:24:04,What is the best way to handle auth for a demo that has to work offline?
I00827,U0133,H020,answered_question,2026-02-12T20:30:46,"Free tier handles that node count fine, but create your indexes before bulk loading."
I00828,U0133,,discord_message,2025-07-13T18:35:55,"moving our table to near the power outlets, we are at 22 now"
I00829,U0133,H020,comment,2026-02-24T08:52:40,Anyone have a spare USB-C charger? Ours walked off.
I00830,U0133,H012,discord_message,2025-03-11T15:04:10,anyone awake? stuck on a merge conflict in the schema file
I00831,U0134,H003,profile_update,2024-04-18T15:10:15,
I00832,U0134,H003,question,2024-03-27T22:02:58,"Is there a rate limit on the embeddings endpoint, and if so what is it?"
I00833,U0134,,answered_question,2024-09-23T22:56:04,"You can be on two teams but you can only win once, which they enforce."
I00834,U0134,H003,comment,2024-04-19T22:51:30,"Judging felt fair this time, the rubric being published in advance helped a lot."
I00835,U0135,,discord_message,2026-05-02T15:11:32,"found the bug, it was a timezone thing in the date parsing"
I00836,U0135,H015,question,2025-07-13T08:43:35,Is the dataset they provided allowed to be augmented with external data?
I00837,U0135,H015,question,2025-07-17T22:03:38,Does anyone know if the AuraDB free tier can handle a few hundred thousand nodes?
I00838,U0135,H015,discord_message,2025-07-10T08:07:46,"going to sleep for 90 minutes, ping me if the build breaks"
I00839,U0135,,workshop_attended,2026-05-14T11:51:05,
I00840,U0135,H015,answered_question,2025-07-31T12:03:50,"If your deployment dies they will let you show a recording, but tell them beforehand."
I00841,U0136,H009,comment,2024-12-13T08:51:21,Does the sponsor prize require using their hosted version or is self-hosted fine?
I00842,U0136,H009,profile_update,2024-12-04T21:51:28,
I00843,U0136,,discord_message,2026-08-19T08:03:23,"found the bug, it was a timezone thing in the date parsing"
I00844,U0136,,workshop_attended,2025-11-19T13:03:49,
I00845,U0136,H019,workshop_attended,2026-01-17T17:26:06,
I00846,U0136,,discord_message,2024-01-18T16:48:58,anyone awake? stuck on a merge conflict in the schema file
I00847,U0137,H001,comment,2024-01-06T18:41:28,Coffee has run out on floor 2 for anyone planning their next hour around it.
I00848,U0137,H018,answered_question,2025-11-23T22:20:33,"Use a hotspot for the demo, the venue wifi drops under load every year."
I00849,U0137,,workshop_attended,2025-02-16T08:22:06,
I00850,U0137,H018,comment,2025-11-24T22:21:18,Third hackathon here and the organisation keeps getting better.
I00851,U0137,,question,2025-09-02T23:30:30,Does anyone know if the AuraDB free tier can handle a few hundred thousand nodes?
I00852,U0137,H001,question,2024-01-04T18:34:18,"How long do we get for the demo, including questions?"
I00853,U0137,H018,discord_message,2025-11-20T16:39:20,"pushing the fix now, pull before you touch the retrieval service"
I00854,U0138,H014,profile_update,2025-05-31T18:07:35,
I00855,U0138,,discord_message,2024-11-22T21:38:49,"rehearsed twice, we are at 3:10 so we need to cut about twenty seconds"
I00856,U0138,,question,2026-05-26T19:13:42,Are teams allowed to be four people or is three the cap this time?
I00857,U0138,H011,workshop_attended,2025-02-22T14:38:22,
I00858,U0138,H014,answered_question,2025-06-09T16:54:22,You get three minutes plus two for questions. They are strict about it.
I00859,U0138,H011,discord_message,2025-03-01T18:47:48,anyone awake? stuck on a merge conflict in the schema file
I00860,U0138,H011,workshop_attended,2025-02-26T13:40:58,
I00861,U0139,,discord_message,2026-04-08T23:45:49,can someone take screenshots for the submission while i fix the deploy
I00862,U0139,H005,question,2024-06-25T15:36:49,Do judges want to see the code or just the running product?
I00863,U0139,H007,profile_update,2024-09-13T21:56:56,
I00864,U0139,H007,comment,2024-09-14T20:29:14,"The graph database workshop was much better than I expected, worth the hour."
I00865,U0139,,workshop_attended,2026-04-22T19:15:09,
I00866,U0139,H020,discord_message,2026-02-09T12:49:44,"pushing the fix now, pull before you touch the retrieval service"
I00867,U0139,H013,workshop_attended,2025-05-13T08:37:44,
I00868,U0139,,discord_message,2025-07-14T10:30:09,"i am taking the ingestion path, you take the UI, lets not touch the same files"
I00869,U0139,,question,2025-11-18T16:35:18,Is model fine-tuning allowed or is it inference only?
I00870,U0139,H013,comment,2025-05-04T13:14:58,"Our team is two people short, DM me if you want to join a GenAI track build."
I00871,U0139,H005,comment,2024-06-30T09:23:25,The mentor feedback on scoping was the single most useful thing this weekend.
I00872,U0139,H013,answered_question,2025-05-12T08:48:27,Fine-tuning is allowed. Two teams did it last year.
I00873,U0139,H007,answered_question,2024-09-21T11:21:37,"You can be on two teams but you can only win once, which they enforce."
I00874,U0139,,answered_question,2026-02-02T21:00:11,"Judges look at the running product first, code only if they have doubts."
I00875,U0139,,question,2024-09-30T20:31:14,Is model fine-tuning allowed or is it inference only?
I00876,U0139,H004,answered_question,2024-05-23T13:35:37,You can augment the dataset as long as you declare the extra sources.
I00877,U0139,H020,answered_question,2026-02-25T11:14:01,The writeup template is linked in the pinned message on the announcements channel.
I00878,U0140,H009,discord_message,2024-12-13T15:46:02,"pushing the fix now, pull before you touch the retrieval service"
I00879,U0140,,discord_message,2025-02-18T13:00:59,"the api key rotated, new one is in the env file on the shared drive"
I00880,U0140,H008,question,2024-11-05T15:20:03,Is there a template for the submission writeup anywhere?
I00881,U0140,H008,answered_question,2024-10-30T12:19:19,You can augment the dataset as long as you declare the extra sources.
I00882,U0140,H008,profile_update,2024-10-30T11:23:58,
I00883,U0141,H015,comment,2025-08-04T16:16:07,Third hackathon here and the organisation keeps getting better.
I00884,U0141,,answered_question,2025-09-29T09:00:14,"You can be on two teams but you can only win once, which they enforce."
I00885,U0142,H016,workshop_attended,2025-08-14T15:15:53,
I00886,U0142,H016,answered_question,2025-08-30T14:46:41,"Free tier handles that node count fine, but create your indexes before bulk loading."
I00887,U0142,H016,comment,2025-08-17T17:38:56,"Great talk on vector databases, the part about hybrid retrieval was the useful bit."
I00888,U0142,H016,comment,2025-09-02T11:02:24,"We pivoted at 3am and it was the right call, the first idea had no demo path."
I00889,U0142,H016,workshop_attended,2025-08-24T08:40:21,
I00890,U0143,H009,discord_message,2024-12-18T09:42:54,anyone awake? stuck on a merge conflict in the schema file
I00891,U0143,H009,answered_question,2024-11-28T08:10:04,You get three minutes plus two for questions. They are strict about it.
I00892,U0143,,workshop_attended,2026-02-02T18:41:33,
I00893,U0143,H009,comment,2024-12-08T23:13:52,"If anyone is stuck on CORS with the workshop template, the fix is in the pinned message."
I00894,U0143,H022,question,2026-05-17T18:52:31,Do judges want to see the code or just the running product?
I00895,U0143,H009,answered_question,2024-11-21T10:34:40,The writeup template is linked in the pinned message on the announcements channel.
I00896,U0143,H022,answered_question,2026-05-29T22:39:13,"If your deployment dies they will let you show a recording, but tell them beforehand."
I00897,U0143,H013,discord_message,2025-05-19T22:16:54,"i am taking the ingestion path, you take the UI, lets not touch the same files"
I00898,U0143,H022,discord_message,2026-05-08T09:40:49,"we are cutting the matchmaking feature, no time"
I00899,U0143,H013,workshop_attended,2025-05-01T18:24:37,
I00900,U0144,H007,comment,2024-09-04T09:36:33,"Judging felt fair this time, the rubric being published in advance helped a lot."
I00901,U0144,,workshop_attended,2026-07-26T15:09:50,
I00902,U0144,H018,profile_update,2025-11-27T20:59:55,
I00903,U0144,H018,workshop_attended,2025-11-06T19:49:51,
I00904,U0144,H007,discord_message,2024-09-18T10:04:29,"pushing the fix now, pull before you touch the retrieval service"
I00905,U0145,H024,comment,2026-08-19T16:07:12,Third hackathon here and the organisation keeps getting better.
I00906,U0145,H024,comment,2026-08-14T10:58:08,"Great talk on vector databases, the part about hybrid retrieval was the useful bit."
I00907,U0145,,profile_update,2025-09-02T20:43:41,
I00908,U0145,H014,comment,2025-06-07T12:02:31,"Our team is two people short, DM me if you want to join a GenAI track build."
I00909,U0146,H008,comment,2024-11-03T08:43:08,"Shout-out to whoever left the HDMI adapter at table 14, you saved our demo."
I00910,U0146,,discord_message,2024-06-28T23:44:05,"i am taking the ingestion path, you take the UI, lets not touch the same files"
I00911,U0146,H008,question,2024-10-18T14:52:01,What happens if our deployment goes down during judging?
I00912,U0146,H015,comment,2025-07-24T10:58:31,Does the sponsor prize require using their hosted version or is self-hosted fine?
I00913,U0146,H008,comment,2024-10-16T23:39:27,"We pivoted at 3am and it was the right call, the first idea had no demo path."
I00914,U0146,,workshop_attended,2024-04-14T08:30:13,
I00915,U0146,H015,question,2025-07-24T21:34:05,Is the dataset they provided allowed to be augmented with external data?
I00916,U0146,,profile_update,2024-10-10T20:29:49,
I00917,U0146,H018,comment,2025-11-04T19:10:42,Third hackathon here and the organisation keeps getting better.
I00918,U0146,H008,comment,2024-11-04T23:16:13,"Our demo broke live and we still placed, so do not panic if yours does."
I00919,U0146,H002,answered_question,2024-02-25T18:01:48,The writeup template is linked in the pinned message on the announcements channel.
I00920,U0146,,answered_question,2026-04-05T14:37:40,Rate limit is 60 requests per minute per key. Batch your calls.
I00921,U0146,H018,discord_message,2025-11-20T10:19:10,"i am taking the ingestion path, you take the UI, lets not touch the same files"
I00922,U0147,H018,comment,2025-11-23T19:30:26,"The graph database workshop was much better than I expected, worth the hour."
I00923,U0147,H018,discord_message,2025-11-07T14:57:29,can someone take screenshots for the submission while i fix the deploy
I00924,U0147,H018,discord_message,2025-11-24T15:04:04,"we are cutting the matchmaking feature, no time"
I00925,U0147,H018,discord_message,2025-11-13T15:18:39,"i am taking the ingestion path, you take the UI, lets not touch the same files"
I00926,U0148,H008,comment,2024-10-17T17:13:52,Third hackathon here and the organisation keeps getting better.
I00927,U0148,H008,workshop_attended,2024-10-18T14:22:53,
I00928,U0148,H014,discord_message,2025-06-05T21:10:35,can someone take screenshots for the submission while i fix the deploy
I00929,U0148,,discord_message,2024-08-29T16:21:11,"going to sleep for 90 minutes, ping me if the build breaks"
I00930,U0148,H008,comment,2024-11-04T16:07:27,The mentor feedback on scoping was the single most useful thing this weekend.
I00931,U0148,H016,answered_question,2025-08-18T23:56:47,"You can be on two teams but you can only win once, which they enforce."
I00932,U0148,H011,question,2025-02-14T21:50:08,"How long do we get for the demo, including questions?"
I00933,U0148,H023,discord_message,2026-07-03T14:03:50,"rehearsed twice, we are at 3:10 so we need to cut about twenty seconds"
I00934,U0148,H020,comment,2026-02-09T11:12:52,Third hackathon here and the organisation keeps getting better.
I00935,U0148,H023,comment,2026-06-17T13:11:18,Coffee has run out on floor 2 for anyone planning their next hour around it.
I00936,U0148,H010,discord_message,2024-12-30T13:15:36,"last commit before freeze, do not push anything after this"
I00937,U0148,,answered_question,2026-05-16T17:26:02,The writeup template is linked in the pinned message on the announcements channel.
I00938,U0148,H008,comment,2024-10-25T22:43:44,"If anyone is stuck on CORS with the workshop template, the fix is in the pinned message."
I00939,U0148,H010,question,2025-01-12T16:54:50,"How long do we get for the demo, including questions?"
I00940,U0148,H011,question,2025-02-22T23:24:22,What happens if our deployment goes down during judging?
I00941,U0148,H008,comment,2024-11-05T11:38:35,"If anyone is stuck on CORS with the workshop template, the fix is in the pinned message."
I00942,U0148,H014,workshop_attended,2025-06-17T16:04:59,
I00943,U0148,H012,discord_message,2025-04-06T11:57:26,"demo script is in the shared doc, please read it before we rehearse"
I00944,U0148,,profile_update,2024-09-25T23:04:16,
I00945,U0148,H016,question,2025-08-23T17:17:19,Can we use a pre-existing repo as a starting point or does everything have to be written here?
I00946,U0148,H008,question,2024-10-23T08:39:24,Can we use a pre-existing repo as a starting point or does everything have to be written here?
I00947,U0148,H012,workshop_attended,2025-04-05T08:35:22,
I00948,U0148,H012,answered_question,2025-04-02T14:15:49,"Yes, self-hosted counts for the prize track, it was confirmed on the Discord at 11am."
I00949,U0148,H012,discord_message,2025-03-25T22:04:58,anyone awake? stuck on a merge conflict in the schema file
I00950,U0148,H012,comment,2025-03-30T11:40:24,"Reminder that the submission deadline is 6pm not 8pm, it changed on the Discord."
I00951,U0148,H016,comment,2025-08-23T15:36:10,"We pivoted at 3am and it was the right call, the first idea had no demo path."
I00952,U0148,H011,answered_question,2025-02-24T15:58:37,Rate limit is 60 requests per minute per key. Batch your calls.
I00953,U0148,H008,answered_question,2024-10-31T15:44:28,You get three minutes plus two for questions. They are strict about it.
I00954,U0148,,comment,2025-07-11T14:36:58,"Judging felt fair this time, the rubric being published in advance helped a lot."
I00955,U0148,H007,discord_message,2024-08-31T19:49:25,anyone awake? stuck on a merge conflict in the schema file
I00956,U0149,,question,2026-02-13T09:38:09,Can we use a pre-existing repo as a starting point or does everything have to be written here?
I00957,U0149,,discord_message,2026-05-04T10:02:44,"moving our table to near the power outlets, we are at 22 now"
I00958,U0150,H010,discord_message,2025-01-19T15:41:44,"found the bug, it was a timezone thing in the date parsing"
I00959,U0150,H010,answered_question,2025-01-10T11:27:15,"Judges look at the running product first, code only if they have doubts."
I00960,U0150,,comment,2026-02-10T09:24:15,"If anyone is stuck on CORS with the workshop template, the fix is in the pinned message."
I00961,U0150,H010,question,2025-01-24T10:53:27,Can we use a pre-existing repo as a starting point or does everything have to be written here?
I00962,U0150,H006,comment,2024-08-07T09:14:29,The mentor feedback on scoping was the single most useful thing this weekend.
I00963,U0150,H015,discord_message,2025-08-03T23:53:45,"pushing the fix now, pull before you touch the retrieval service"
I00964,U0150,H010,profile_update,2025-01-05T12:43:43,
I00965,U0150,H010,discord_message,2025-01-14T12:27:13,"going to sleep for 90 minutes, ping me if the build breaks"
I00966,U0150,,workshop_attended,2026-02-18T17:04:56,
I00967,U0150,H023,question,2026-06-29T19:20:16,Are we expected to present on the main stage or at our table?
I00968,U0150,H017,discord_message,2025-09-22T12:36:42,"last commit before freeze, do not push anything after this"
I00969,U0150,H010,profile_update,2024-12-29T10:04:26,
I00970,U0150,H015,comment,2025-07-22T18:10:56,"Reminder that the submission deadline is 6pm not 8pm, it changed on the Discord."
I00971,U0151,,discord_message,2025-04-02T20:42:40,"pushing the fix now, pull before you touch the retrieval service"
I00972,U0151,H009,question,2024-12-14T17:14:44,Is the dataset they provided allowed to be augmented with external data?
I00973,U0151,H009,comment,2024-11-30T12:01:45,"We pivoted at 3am and it was the right call, the first idea had no demo path."
I00974,U0151,H009,answered_question,2024-12-16T21:53:34,"Use a hotspot for the demo, the venue wifi drops under load every year."
I00975,U0152,,comment,2026-06-08T16:17:44,The mentor feedback on scoping was the single most useful thing this weekend.
I00976,U0152,H018,question,2025-11-04T22:58:14,What is the best way to handle auth for a demo that has to work offline?
I00977,U0152,H018,comment,2025-11-18T21:12:58,"The graph database workshop was much better than I expected, worth the hour."
I00978,U0152,H018,answered_question,2025-11-25T18:00:45,The writeup template is linked in the pinned message on the announcements channel.
I00979,U0153,,discord_message,2025-10-09T19:44:14,"found the bug, it was a timezone thing in the date parsing"
I00980,U0153,,answered_question,2025-09-19T09:46:56,"Judges look at the running product first, code only if they have doubts."
I00981,U0153,H008,comment,2024-10-11T21:32:20,Does the sponsor prize require using their hosted version or is self-hosted fine?
I00982,U0153,H023,discord_message,2026-06-19T10:25:44,"we are cutting the matchmaking feature, no time"
I00983,U0153,H023,workshop_attended,2026-06-27T18:07:48,
I00984,U0153,H018,question,2025-12-01T22:03:49,Are teams allowed to be four people or is three the cap this time?
I00985,U0153,H023,question,2026-07-05T08:37:13,What is the best way to handle auth for a demo that has to work offline?
I00986,U0153,H008,answered_question,2024-10-30T18:55:25,You can augment the dataset as long as you declare the extra sources.
I00987,U0153,H008,discord_message,2024-10-20T13:42:51,"the api key rotated, new one is in the env file on the shared drive"
I00988,U0153,,comment,2026-01-11T14:10:17,Third hackathon here and the organisation keeps getting better.
I00989,U0153,H008,question,2024-10-21T16:58:07,Are we expected to present on the main stage or at our table?
I00990,U0154,H006,workshop_attended,2024-08-20T14:01:50,
I00991,U0154,,profile_update,2025-08-04T22:49:37,
I00992,U0154,,answered_question,2025-11-08T21:39:01,"You can be on two teams but you can only win once, which they enforce."
I00993,U0154,H006,discord_message,2024-07-26T13:04:44,"going to sleep for 90 minutes, ping me if the build breaks"
I00994,U0155,H012,profile_update,2025-04-01T11:11:01,
I00995,U0155,,workshop_attended,2025-11-13T20:28:40,
I00996,U0155,H012,question,2025-03-26T11:24:35,"How long do we get for the demo, including questions?"
I00997,U0155,H012,comment,2025-04-08T21:58:21,"The graph database workshop was much better than I expected, worth the hour."
I00998,U0155,H012,question,2025-03-19T16:00:20,Is there a template for the submission writeup anywhere?
I00999,U0155,H012,answered_question,2025-03-27T16:14:54,"You can be on two teams but you can only win once, which they enforce."
I01000,U0156,H020,question,2026-02-11T14:38:03,Do judges want to see the code or just the running product?
I01001,U0156,H020,discord_message,2026-02-24T21:44:09,"i am taking the ingestion path, you take the UI, lets not touch the same files"
I01002,U0156,H020,question,2026-02-24T16:14:27,What happens if our deployment goes down during judging?
I01003,U0157,H001,discord_message,2024-01-21T19:19:05,"pushing the fix now, pull before you touch the retrieval service"
I01004,U0157,H008,comment,2024-10-14T10:57:26,The mentor feedback on scoping was the single most useful thing this weekend.
I01005,U0157,,comment,2025-08-07T12:32:55,"Judging felt fair this time, the rubric being published in advance helped a lot."
I01006,U0157,H023,workshop_attended,2026-06-28T11:51:03,
I01007,U0157,H023,answered_question,2026-07-05T23:45:24,"For offline auth just stub it and say so, nobody marks you down for that."
I01008,U0157,,question,2024-06-13T13:20:01,"Is there a rate limit on the embeddings endpoint, and if so what is it?"
I01009,U0157,H008,discord_message,2024-10-30T18:26:38,"last commit before freeze, do not push anything after this"
I01010,U0157,H001,question,2024-01-21T20:36:14,Are teams allowed to be four people or is three the cap this time?
I01011,U0157,H008,comment,2024-10-25T11:45:17,Really liked that the results were announced with the score breakdown.
I01012,U0157,,comment,2024-02-19T23:41:58,"Shout-out to whoever left the HDMI adapter at table 14, you saved our demo."
I01013,U0157,H023,comment,2026-06-30T20:37:52,Coffee has run out on floor 2 for anyone planning their next hour around it.
I01014,U0157,H001,comment,2023-12-31T11:31:26,"The graph database workshop was much better than I expected, worth the hour."
I01015,U0159,H001,comment,2024-01-06T16:02:10,"The graph database workshop was much better than I expected, worth the hour."
I01016,U0159,H002,question,2024-02-24T23:14:55,Can one person be on two teams for different tracks?
I01017,U0159,,answered_question,2023-12-12T11:18:13,"Yes, self-hosted counts for the prize track, it was confirmed on the Discord at 11am."
I01018,U0159,H002,workshop_attended,2024-02-28T09:00:55,
I01019,U0159,H013,answered_question,2025-05-04T13:16:15,Fine-tuning is allowed. Two teams did it last year.
I01020,U0159,,comment,2024-03-11T11:39:18,"We pivoted at 3am and it was the right call, the first idea had no demo path."
I01021,U0159,,answered_question,2024-12-16T14:54:08,You can augment the dataset as long as you declare the extra sources.
I01022,U0159,H007,discord_message,2024-09-27T23:48:31,"the api key rotated, new one is in the env file on the shared drive"
I01023,U0159,H024,discord_message,2026-08-22T18:23:31,"going to sleep for 90 minutes, ping me if the build breaks"
I01024,U0159,,workshop_attended,2025-09-17T19:43:36,
I01025,U0159,H002,answered_question,2024-03-03T20:44:42,"You can be on two teams but you can only win once, which they enforce."
I01026,U0159,,question,2024-05-26T12:12:06,Is there a template for the submission writeup anywhere?
I01027,U0159,H016,question,2025-08-23T18:47:23,Is there a template for the submission writeup anywhere?
I01028,U0159,H019,comment,2026-01-03T19:17:42,Really liked that the results were announced with the score breakdown.
I01029,U0159,H013,discord_message,2025-05-18T13:42:27,"moving our table to near the power outlets, we are at 22 now"
I01030,U0159,H001,answered_question,2024-01-06T17:10:14,"You can be on two teams but you can only win once, which they enforce."
I01031,U0159,H016,answered_question,2025-09-07T13:21:41,You get three minutes plus two for questions. They are strict about it.
I01032,U0159,H012,comment,2025-04-08T10:26:32,"The graph database workshop was much better than I expected, worth the hour."
I01033,U0160,H016,answered_question,2025-08-23T20:43:31,You get three minutes plus two for questions. They are strict about it.
I01034,U0160,H010,comment,2025-01-14T11:26:44,"Judging felt fair this time, the rubric being published in advance helped a lot."
I01035,U0160,,discord_message,2025-09-07T22:54:26,can someone take screenshots for the submission while i fix the deploy
I01036,U0160,,discord_message,2025-07-25T16:10:32,"moving our table to near the power outlets, we are at 22 now"
I01037,U0161,H020,discord_message,2026-02-14T13:02:45,"demo script is in the shared doc, please read it before we rehearse"
I01038,U0161,,discord_message,2026-08-20T13:49:23,"the api key rotated, new one is in the env file on the shared drive"
I01039,U0161,,comment,2026-03-15T23:49:00,Coffee has run out on floor 2 for anyone planning their next hour around it.
I01040,U0161,,discord_message,2026-05-26T12:24:56,"moving our table to near the power outlets, we are at 22 now"
I01041,U0162,,workshop_attended,2026-07-30T13:26:05,
I01042,U0162,H018,question,2025-11-29T20:57:02,Is the dataset they provided allowed to be augmented with external data?
I01043,U0162,H018,discord_message,2025-11-29T21:21:50,"moving our table to near the power outlets, we are at 22 now"
I01044,U0162,,workshop_attended,2026-07-26T08:10:58,
I01045,U0163,,question,2026-07-23T09:30:33,Do judges want to see the code or just the running product?
I01046,U0163,,profile_update,2026-03-04T21:01:50,
I01047,U0163,,comment,2026-01-28T09:34:58,"We pivoted at 3am and it was the right call, the first idea had no demo path."
I01048,U0164,H008,workshop_attended,2024-10-26T15:35:47,
I01049,U0164,H008,comment,2024-10-31T23:49:17,Anyone else getting a 429 from the sponsor API? Third time in ten minutes.
I01050,U0164,,comment,2024-08-01T12:10:32,"The graph database workshop was much better than I expected, worth the hour."
I01051,U0164,H002,comment,2024-03-02T14:18:12,Does the sponsor prize require using their hosted version or is self-hosted fine?
I01052,U0164,H002,comment,2024-02-27T08:45:26,"Our demo broke live and we still placed, so do not panic if yours does."
I01053,U0164,H002,comment,2024-02-15T11:35:31,Does the sponsor prize require using their hosted version or is self-hosted fine?
I01054,U0164,H008,comment,2024-11-07T18:20:39,"Our demo broke live and we still placed, so do not panic if yours does."
I01055,U0165,H003,question,2024-04-08T13:11:18,Can we use a pre-existing repo as a starting point or does everything have to be written here?
I01056,U0165,H003,comment,2024-04-09T17:57:10,Third hackathon here and the organisation keeps getting better.
I01057,U0165,H006,discord_message,2024-08-12T20:06:53,"we are cutting the matchmaking feature, no time"
I01058,U0166,H017,question,2025-10-04T08:28:46,"What counts as ""using"" the sponsor tech for the prize track?"
I01059,U0166,H017,question,2025-09-25T08:03:21,Can one person be on two teams for different tracks?
I01060,U0166,H017,comment,2025-10-13T14:41:15,"Shout-out to whoever left the HDMI adapter at table 14, you saved our demo."
I01061,U0166,H017,workshop_attended,2025-10-03T18:01:09,
I01062,U0166,H017,discord_message,2025-10-12T10:20:16,"going to sleep for 90 minutes, ping me if the build breaks"
I01063,U0168,,question,2026-06-26T21:15:15,"What counts as ""using"" the sponsor tech for the prize track?"
I01064,U0169,H021,question,2026-04-07T17:57:37,"Is there a rate limit on the embeddings endpoint, and if so what is it?"
I01065,U0169,H019,answered_question,2025-12-30T13:04:03,"You can be on two teams but you can only win once, which they enforce."
I01066,U0169,,discord_message,2025-02-18T22:10:20,"rehearsed twice, we are at 3:10 so we need to cut about twenty seconds"
I01067,U0169,H005,comment,2024-06-18T21:46:37,"Judging felt fair this time, the rubric being published in advance helped a lot."
I01068,U0169,H021,answered_question,2026-03-22T22:42:36,"For offline auth just stub it and say so, nobody marks you down for that."
I01069,U0169,,comment,2025-08-22T10:37:10,"The graph database workshop was much better than I expected, worth the hour."
I01070,U0169,,discord_message,2024-08-09T08:28:52,"demo script is in the shared doc, please read it before we rehearse"
I01071,U0169,H005,question,2024-06-20T17:52:40,"How long do we get for the demo, including questions?"
I01072,U0169,H019,question,2025-12-25T09:01:03,Does anyone know if the AuraDB free tier can handle a few hundred thousand nodes?
I01073,U0169,,answered_question,2026-02-15T17:53:54,"Yes, self-hosted counts for the prize track, it was confirmed on the Discord at 11am."
I01074,U0170,H022,question,2026-05-28T09:22:40,What happens if our deployment goes down during judging?
I01075,U0170,H022,comment,2026-05-11T21:54:52,"The wifi in hall B is unusable, switching to a hotspot if anyone wants to share."
I01076,U0170,H022,discord_message,2026-05-24T20:29:53,"demo script is in the shared doc, please read it before we rehearse"
I01077,U0170,H022,question,2026-05-08T23:58:34,What happens if our deployment goes down during judging?
I01078,U0170,H022,profile_update,2026-05-14T19:29:27,
I01079,U0170,H022,workshop_attended,2026-05-10T20:04:38,
I01080,U0171,H004,comment,2024-05-15T21:13:32,"Shout-out to whoever left the HDMI adapter at table 14, you saved our demo."
I01081,U0171,H004,discord_message,2024-05-13T18:50:41,can someone take screenshots for the submission while i fix the deploy
I01082,U0171,H004,comment,2024-05-13T15:17:51,"Shout-out to whoever left the HDMI adapter at table 14, you saved our demo."
I01083,U0171,H004,comment,2024-06-02T08:31:03,"The graph database workshop was much better than I expected, worth the hour."
I01084,U0171,H004,comment,2024-05-20T12:46:36,Finally got the deployment working. The build was failing because of a Node version mismatch.
I01085,U0172,H010,discord_message,2025-01-05T16:46:27,can someone take screenshots for the submission while i fix the deploy
I01086,U0172,,answered_question,2026-09-17T08:22:19,Fine-tuning is allowed. Two teams did it last year.
I01087,U0172,H021,comment,2026-04-12T10:42:04,The mentor feedback on scoping was the single most useful thing this weekend.
I01088,U0172,,discord_message,2025-03-04T18:34:18,"we are cutting the matchmaking feature, no time"
I01089,U0172,,question,2026-06-29T19:25:09,Are we expected to present on the main stage or at our table?
I01090,U0172,H010,discord_message,2025-01-05T20:22:24,"we are cutting the matchmaking feature, no time"
I01091,U0172,H010,answered_question,2025-01-13T18:32:48,Fine-tuning is allowed. Two teams did it last year.
I01092,U0172,H021,workshop_attended,2026-03-27T09:35:32,
I01093,U0172,H021,discord_message,2026-04-15T16:06:47,"i am taking the ingestion path, you take the UI, lets not touch the same files"
I01094,U0173,,workshop_attended,2025-05-13T09:31:27,
I01095,U0173,H020,workshop_attended,2026-02-10T18:05:07,
I01096,U0173,H018,discord_message,2025-11-24T15:50:04,"pushing the fix now, pull before you touch the retrieval service"
I01097,U0173,H018,discord_message,2025-11-08T13:40:50,"found the bug, it was a timezone thing in the date parsing"
I01098,U0173,H020,question,2026-02-19T13:03:20,Are we expected to present on the main stage or at our table?
I01099,U0173,H013,comment,2025-05-16T10:24:26,Finally got the deployment working. The build was failing because of a Node version mismatch.
I01100,U0173,,discord_message,2025-07-24T22:07:15,"found the bug, it was a timezone thing in the date parsing"
I01101,U0173,H013,comment,2025-05-08T19:38:06,"Shout-out to whoever left the HDMI adapter at table 14, you saved our demo."
I01102,U0173,H013,discord_message,2025-05-10T18:44:50,"pushing the fix now, pull before you touch the retrieval service"
I01103,U0173,,workshop_attended,2026-08-25T15:52:57,
I01104,U0174,H008,question,2024-10-13T12:54:17,"How long do we get for the demo, including questions?"
I01105,U0174,H008,question,2024-10-11T14:23:33,Is the dataset they provided allowed to be augmented with external data?
I01106,U0174,,workshop_attended,2024-10-30T22:10:07,
I01107,U0175,H009,answered_question,2024-12-04T13:23:03,Pre-existing repos are allowed if you declare them and the new work is clearly separable.
I01108,U0175,,discord_message,2024-01-29T10:14:48,"going to sleep for 90 minutes, ping me if the build breaks"
I01109,U0175,H009,discord_message,2024-12-06T19:22:55,"going to sleep for 90 minutes, ping me if the build breaks"
I01110,U0175,,discord_message,2024-03-26T12:40:55,"we are cutting the matchmaking feature, no time"
I01111,U0175,,comment,2026-06-01T22:39:22,Anyone else getting a 429 from the sponsor API? Third time in ten minutes.
I01112,U0175,H007,profile_update,2024-09-27T12:30:47,
I01113,U0175,,profile_update,2024-05-09T18:23:32,
I01114,U0175,H014,question,2025-05-31T19:48:07,"How long do we get for the demo, including questions?"
I01115,U0175,H007,discord_message,2024-09-27T18:31:02,"found the bug, it was a timezone thing in the date parsing"
I01116,U0175,,profile_update,2025-11-10T14:02:48,
I01117,U0175,H019,discord_message,2026-01-15T14:28:07,"going to sleep for 90 minutes, ping me if the build breaks"
I01118,U0175,H019,answered_question,2026-01-07T19:18:29,The writeup template is linked in the pinned message on the announcements channel.
I01119,U0175,H019,discord_message,2026-01-14T15:35:14,"rehearsed twice, we are at 3:10 so we need to cut about twenty seconds"
I01120,U0175,H009,answered_question,2024-11-27T14:56:44,"Use a hotspot for the demo, the venue wifi drops under load every year."
I01121,U0175,,comment,2024-08-05T10:49:15,"Judging felt fair this time, the rubric being published in advance helped a lot."
I01122,U0175,H014,profile_update,2025-06-19T22:00:36,
I01123,U0175,,comment,2025-05-19T10:12:48,"If anyone is stuck on CORS with the workshop template, the fix is in the pinned message."
I01124,U0175,H007,comment,2024-09-09T09:27:26,Anyone have a spare USB-C charger? Ours walked off.
I01125,U0175,H014,discord_message,2025-06-13T18:49:54,"i am taking the ingestion path, you take the UI, lets not touch the same files"
I01126,U0175,H009,discord_message,2024-11-24T19:13:34,"rehearsed twice, we are at 3:10 so we need to cut about twenty seconds"
I01127,U0175,H014,comment,2025-06-17T20:14:30,Does the sponsor prize require using their hosted version or is self-hosted fine?
I01128,U0176,H007,comment,2024-09-06T18:33:25,"We pivoted at 3am and it was the right call, the first idea had no demo path."
I01129,U0176,H007,question,2024-09-23T16:48:05,Can we use a pre-existing repo as a starting point or does everything have to be written here?
I01130,U0176,,comment,2026-01-25T22:12:51,The mentor feedback on scoping was the single most useful thing this weekend.
I01131,U0176,H007,question,2024-09-19T14:58:25,"How long do we get for the demo, including questions?"
I01132,U0176,H007,discord_message,2024-09-10T08:31:47,"demo script is in the shared doc, please read it before we rehearse"
I01133,U0177,H013,discord_message,2025-04-25T18:57:16,can someone take screenshots for the submission while i fix the deploy
I01134,U0177,,comment,2024-07-09T09:35:32,"The graph database workshop was much better than I expected, worth the hour."
I01135,U0177,H003,workshop_attended,2024-04-01T13:28:33,
I01136,U0177,H017,discord_message,2025-09-25T23:36:30,"moving our table to near the power outlets, we are at 22 now"
I01137,U0177,H017,comment,2025-10-13T22:11:34,"The wifi in hall B is unusable, switching to a hotspot if anyone wants to share."
I01138,U0177,,profile_update,2024-12-13T18:37:57,
I01139,U0177,H013,question,2025-05-13T11:07:53,Is the dataset they provided allowed to be augmented with external data?
I01140,U0177,,comment,2026-04-16T23:40:00,Third hackathon here and the organisation keeps getting better.
I01141,U0177,H017,workshop_attended,2025-09-26T16:11:37,
I01142,U0177,H004,comment,2024-05-21T20:43:19,"We pivoted at 3am and it was the right call, the first idea had no demo path."
I01143,U0177,H013,question,2025-05-09T13:28:21,Does anyone know if the AuraDB free tier can handle a few hundred thousand nodes?
I01144,U0177,H013,comment,2025-05-04T19:58:57,Anyone else getting a 429 from the sponsor API? Third time in ten minutes.
I01145,U0177,H003,comment,2024-03-29T23:11:31,"If anyone is stuck on CORS with the workshop template, the fix is in the pinned message."
I01146,U0177,H013,answered_question,2025-04-29T12:41:55,"The cap is four this time, it changed from last edition."
I01147,U0178,H009,discord_message,2024-12-16T13:01:27,"the api key rotated, new one is in the env file on the shared drive"
I01148,U0178,,workshop_attended,2025-06-05T20:42:53,
I01149,U0178,H009,comment,2024-12-02T12:19:58,"Judging felt fair this time, the rubric being published in advance helped a lot."
I01150,U0179,,question,2026-05-08T12:31:24,"What counts as ""using"" the sponsor tech for the prize track?"
I01151,U0179,H023,comment,2026-06-30T14:13:45,"Great talk on vector databases, the part about hybrid retrieval was the useful bit."
I01152,U0179,H023,answered_question,2026-07-05T16:49:19,Fine-tuning is allowed. Two teams did it last year.
I01153,U0179,H007,question,2024-09-12T11:41:03,What happens if our deployment goes down during judging?
I01154,U0179,H023,comment,2026-06-24T19:13:15,"We pivoted at 3am and it was the right call, the first idea had no demo path."
I01155,U0180,,answered_question,2026-06-20T22:14:51,"You can be on two teams but you can only win once, which they enforce."
I01156,U0180,H004,comment,2024-05-25T21:05:02,"If anyone is stuck on CORS with the workshop template, the fix is in the pinned message."
I01157,U0180,,question,2025-07-23T23:29:51,"How long do we get for the demo, including questions?"
I01158,U0180,H004,discord_message,2024-06-03T15:58:32,"pushing the fix now, pull before you touch the retrieval service"
I01159,U0180,H003,discord_message,2024-04-20T18:28:16,"we are cutting the matchmaking feature, no time"
I01160,U0180,H004,discord_message,2024-05-27T22:17:22,can someone take screenshots for the submission while i fix the deploy
I01161,U0183,H019,discord_message,2026-01-14T20:48:04,can someone take screenshots for the submission while i fix the deploy
I01162,U0183,H019,comment,2026-01-13T09:19:12,"Reminder that the submission deadline is 6pm not 8pm, it changed on the Discord."
I01163,U0183,,workshop_attended,2026-03-29T16:25:50,
I01164,U0183,H019,comment,2026-01-03T18:15:41,"We pivoted at 3am and it was the right call, the first idea had no demo path."
I01165,U0183,H019,answered_question,2026-01-14T22:10:59,You get three minutes plus two for questions. They are strict about it.
I01166,U0184,H019,discord_message,2025-12-21T21:57:36,can someone take screenshots for the submission while i fix the deploy
I01167,U0184,H010,comment,2024-12-27T15:03:02,"Our team is two people short, DM me if you want to join a GenAI track build."
I01168,U0184,,workshop_attended,2024-11-24T17:53:24,
I01169,U0184,H010,answered_question,2024-12-29T23:09:18,"Free tier handles that node count fine, but create your indexes before bulk loading."
I01170,U0184,,discord_message,2025-04-11T22:48:57,"the api key rotated, new one is in the env file on the shared drive"
I01171,U0184,,question,2025-01-17T20:31:51,Is the dataset they provided allowed to be augmented with external data?
I01172,U0184,,comment,2024-10-07T14:39:26,"Our demo broke live and we still placed, so do not panic if yours does."
I01173,U0186,,question,2025-10-23T10:35:24,Does anyone know if the AuraDB free tier can handle a few hundred thousand nodes?
I01174,U0186,H010,question,2025-01-02T17:31:13,Can we use a pre-existing repo as a starting point or does everything have to be written here?
I01175,U0186,,comment,2025-08-15T08:50:02,Anyone else getting a 429 from the sponsor API? Third time in ten minutes.
I01176,U0186,,comment,2025-11-06T21:44:03,"Shout-out to whoever left the HDMI adapter at table 14, you saved our demo."
I01177,U0186,H010,workshop_attended,2025-01-09T11:17:17,
I01178,U0186,H010,question,2024-12-30T22:21:32,Is the dataset they provided allowed to be augmented with external data?
I01179,U0188,H013,question,2025-05-23T22:30:08,Is there a template for the submission writeup anywhere?
I01180,U0188,H013,answered_question,2025-05-17T14:18:24,You get three minutes plus two for questions. They are strict about it.
I01181,U0188,H004,discord_message,2024-05-09T23:13:29,can someone take screenshots for the submission while i fix the deploy
I01182,U0188,H004,answered_question,2024-05-10T16:41:39,"Use a hotspot for the demo, the venue wifi drops under load every year."
I01183,U0190,H020,workshop_attended,2026-02-14T20:40:30,
I01184,U0190,H020,comment,2026-02-14T18:32:43,"If anyone is stuck on CORS with the workshop template, the fix is in the pinned message."
I01185,U0191,,discord_message,2025-11-23T13:45:11,"last commit before freeze, do not push anything after this"
I01186,U0191,H016,answered_question,2025-08-16T23:21:01,"Free tier handles that node count fine, but create your indexes before bulk loading."
I01187,U0191,H016,answered_question,2025-08-18T10:14:04,"Judges look at the running product first, code only if they have doubts."
I01188,U0191,H016,comment,2025-08-31T08:07:10,"Shout-out to whoever left the HDMI adapter at table 14, you saved our demo."
I01189,U0193,,comment,2025-01-09T23:27:16,The mentor feedback on scoping was the single most useful thing this weekend.
I01190,U0193,H005,workshop_attended,2024-06-14T20:53:05,
I01191,U0193,H020,question,2026-02-07T15:00:08,What happens if our deployment goes down during judging?
I01192,U0193,H005,profile_update,2024-07-06T20:11:09,
I01193,U0194,H016,question,2025-08-24T12:23:08,Are teams allowed to be four people or is three the cap this time?
I01194,U0194,,comment,2025-09-09T10:13:14,Really liked that the results were announced with the score breakdown.
I01195,U0194,H016,comment,2025-08-23T16:51:39,"The wifi in hall B is unusable, switching to a hotspot if anyone wants to share."
I01196,U0194,H022,comment,2026-05-22T21:36:33,Really liked that the results were announced with the score breakdown.
I01197,U0194,H022,answered_question,2026-05-30T22:15:51,You get three minutes plus two for questions. They are strict about it.
I01198,U0194,H016,question,2025-09-01T18:42:56,Does anyone know if the AuraDB free tier can handle a few hundred thousand nodes?
I01199,U0194,H022,answered_question,2026-05-28T12:02:32,"If your deployment dies they will let you show a recording, but tell them beforehand."
I01200,U0195,H008,discord_message,2024-10-17T08:00:00,"pushing the fix now, pull before you touch the retrieval service"
I01201,U0195,H008,comment,2024-11-05T23:07:35,Anyone have a spare USB-C charger? Ours walked off.
I01202,U0195,,discord_message,2024-07-27T19:28:55,"rehearsed twice, we are at 3:10 so we need to cut about twenty seconds"
I01203,U0195,,discord_message,2024-08-07T09:40:01,anyone awake? stuck on a merge conflict in the schema file
I01204,U0195,H006,question,2024-08-05T21:20:23,Can one person be on two teams for different tracks?
I01205,U0195,H008,comment,2024-11-02T11:44:56,The mentor feedback on scoping was the single most useful thing this weekend.
I01206,U0195,H006,answered_question,2024-08-13T15:31:17,"For offline auth just stub it and say so, nobody marks you down for that."
I01207,U0195,,answered_question,2023-12-10T18:02:25,The writeup template is linked in the pinned message on the announcements channel.
I01208,U0196,,discord_message,2026-07-16T15:00:54,"demo script is in the shared doc, please read it before we rehearse"
I01209,U0196,,answered_question,2026-09-18T14:51:11,The writeup template is linked in the pinned message on the announcements channel.
I01210,U0197,,comment,2026-07-08T22:01:52,Anyone have a spare USB-C charger? Ours walked off.
I01211,U0198,,answered_question,2025-02-01T08:28:42,Fine-tuning is allowed. Two teams did it last year.
I01212,U0198,,discord_message,2025-09-05T22:20:44,"rehearsed twice, we are at 3:10 so we need to cut about twenty seconds"
I01213,U0198,,comment,2025-03-24T16:45:43,Really liked that the results were announced with the score breakdown.
I01214,U0198,,comment,2024-05-12T18:27:25,Anyone have a spare USB-C charger? Ours walked off.
I01215,U0198,,question,2025-08-30T14:40:41,"What counts as ""using"" the sponsor tech for the prize track?"
I01216,U0199,H006,workshop_attended,2024-08-19T11:02:41,
I01217,U0199,,question,2026-08-05T11:45:15,Is the dataset they provided allowed to be augmented with external data?
I01218,U0199,H006,answered_question,2024-08-04T08:25:14,You can augment the dataset as long as you declare the extra sources.
I01219,U0200,H017,discord_message,2025-09-21T20:06:52,"pushing the fix now, pull before you touch the retrieval service"
I01220,U0200,H014,workshop_attended,2025-06-24T22:33:35,
I01221,U0200,,answered_question,2026-06-18T23:06:56,"For offline auth just stub it and say so, nobody marks you down for that."
I01222,U0200,H001,discord_message,2024-01-12T13:39:18,can someone take screenshots for the submission while i fix the deploy
I01223,U0200,H017,question,2025-10-07T14:39:45,Do judges want to see the code or just the running product?
I01224,U0200,,comment,2024-11-22T11:44:00,Does the sponsor prize require using their hosted version or is self-hosted fine?
I01225,U0200,,question,2026-05-31T17:13:54,Is there a template for the submission writeup anywhere?
I01226,U0201,H008,answered_question,2024-10-19T12:23:06,Pre-existing repos are allowed if you declare them and the new work is clearly separable.
I01227,U0201,H002,question,2024-02-11T18:13:52,What happens if our deployment goes down during judging?
I01228,U0201,H013,comment,2025-05-06T12:56:18,Does the sponsor prize require using their hosted version or is self-hosted fine?
I01229,U0201,H008,workshop_attended,2024-10-21T23:27:37,
I01230,U0201,,question,2024-10-10T22:39:06,Can we use a pre-existing repo as a starting point or does everything have to be written here?
I01231,U0201,H013,workshop_attended,2025-05-03T17:49:28,
I01232,U0201,H008,question,2024-10-17T13:30:26,"Is there a rate limit on the embeddings endpoint, and if so what is it?"
I01233,U0201,,question,2024-12-06T12:47:17,Can we use a pre-existing repo as a starting point or does everything have to be written here?
I01234,U0201,,answered_question,2025-09-25T13:20:47,"Judges look at the running product first, code only if they have doubts."
I01235,U0201,H023,comment,2026-06-29T10:28:52,Third hackathon here and the organisation keeps getting better.
I01236,U0201,H013,question,2025-04-27T11:58:08,Does anyone know if the AuraDB free tier can handle a few hundred thousand nodes?
I01237,U0201,H023,answered_question,2026-06-30T11:55:00,You get three minutes plus two for questions. They are strict about it.
I01238,U0201,H002,question,2024-02-20T16:30:00,"How long do we get for the demo, including questions?"
I01239,U0201,H008,workshop_attended,2024-10-15T17:46:12,
I01240,U0201,H023,answered_question,2026-07-04T23:10:20,You can augment the dataset as long as you declare the extra sources.
I01241,U0201,H002,comment,2024-02-13T22:55:44,"We pivoted at 3am and it was the right call, the first idea had no demo path."
I01242,U0201,H013,question,2025-05-23T09:56:47,Are we expected to present on the main stage or at our table?
I01243,U0201,H010,answered_question,2025-01-09T15:44:20,Rate limit is 60 requests per minute per key. Batch your calls.
I01244,U0201,H023,answered_question,2026-07-06T20:17:25,You can augment the dataset as long as you declare the extra sources.
I01245,U0201,,discord_message,2026-01-19T20:35:09,can someone take screenshots for the submission while i fix the deploy
I01246,U0202,,comment,2026-01-10T14:00:26,Really liked that the results were announced with the score breakdown.
I01247,U0202,H020,comment,2026-02-15T08:34:06,"The wifi in hall B is unusable, switching to a hotspot if anyone wants to share."
I01248,U0202,H020,question,2026-02-15T09:30:34,Can one person be on two teams for different tracks?
I01249,U0203,,discord_message,2025-03-26T16:51:59,"found the bug, it was a timezone thing in the date parsing"
I01250,U0203,,discord_message,2025-09-21T11:32:35,"last commit before freeze, do not push anything after this"
I01251,U0204,H020,profile_update,2026-02-27T20:59:34,
I01252,U0204,H020,answered_question,2026-02-13T13:31:43,"You can be on two teams but you can only win once, which they enforce."
I01253,U0204,H020,comment,2026-03-04T15:57:52,Finally got the deployment working. The build was failing because of a Node version mismatch.
I01254,U0204,H020,question,2026-02-05T18:32:32,Can we use a pre-existing repo as a starting point or does everything have to be written here?
I01255,U0204,H020,profile_update,2026-02-11T22:22:42,
I01256,U0204,H020,workshop_attended,2026-03-02T10:25:03,
I01257,U0204,,discord_message,2024-03-14T21:08:55,can someone take screenshots for the submission while i fix the deploy
I01258,U0204,H002,answered_question,2024-02-28T12:55:25,You get three minutes plus two for questions. They are strict about it.
I01259,U0205,H020,discord_message,2026-02-23T14:18:32,can someone take screenshots for the submission while i fix the deploy
I01260,U0205,H005,answered_question,2024-06-24T16:02:21,"The cap is four this time, it changed from last edition."
I01261,U0205,H020,discord_message,2026-02-16T19:41:27,anyone awake? stuck on a merge conflict in the schema file
I01262,U0205,H005,discord_message,2024-06-19T16:26:34,can someone take screenshots for the submission while i fix the deploy
I01263,U0205,H005,question,2024-06-20T15:41:33,Is there a template for the submission writeup anywhere?
I01264,U0205,H021,comment,2026-04-13T13:53:16,"Our team is two people short, DM me if you want to join a GenAI track build."
I01265,U0205,H002,profile_update,2024-02-12T13:29:09,
I01266,U0205,H020,discord_message,2026-02-18T16:42:36,"going to sleep for 90 minutes, ping me if the build breaks"
I01267,U0205,H005,question,2024-07-04T17:13:52,Can we use a pre-existing repo as a starting point or does everything have to be written here?
I01268,U0205,,answered_question,2025-08-31T23:14:19,"Free tier handles that node count fine, but create your indexes before bulk loading."
I01269,U0205,H002,answered_question,2024-02-08T15:55:01,Pre-existing repos are allowed if you declare them and the new work is clearly separable.
I01270,U0205,H005,comment,2024-06-20T18:55:49,"Great talk on vector databases, the part about hybrid retrieval was the useful bit."
I01271,U0205,,question,2026-08-15T13:33:52,Do judges want to see the code or just the running product?
I01272,U0205,,workshop_attended,2026-05-02T22:43:30,
I01273,U0205,H005,comment,2024-06-14T21:16:20,Does the sponsor prize require using their hosted version or is self-hosted fine?
I01274,U0205,H020,discord_message,2026-03-02T21:33:53,can someone take screenshots for the submission while i fix the deploy
I01275,U0205,,profile_update,2026-07-05T18:17:50,
I01276,U0206,,discord_message,2025-01-27T19:49:30,"the api key rotated, new one is in the env file on the shared drive"
I01277,U0206,H022,comment,2026-05-23T10:11:22,"The graph database workshop was much better than I expected, worth the hour."
I01278,U0206,H017,workshop_attended,2025-09-21T20:48:33,
I01279,U0206,H022,question,2026-05-26T13:36:11,"Is there a rate limit on the embeddings endpoint, and if so what is it?"
I01280,U0206,H005,comment,2024-07-07T16:08:00,"Judging felt fair this time, the rubric being published in advance helped a lot."
I01281,U0206,H022,answered_question,2026-06-01T18:07:17,"You can be on two teams but you can only win once, which they enforce."
I01282,U0206,H005,answered_question,2024-06-13T14:58:38,"If your deployment dies they will let you show a recording, but tell them beforehand."
I01283,U0206,,comment,2024-11-02T18:31:56,The mentor feedback on scoping was the single most useful thing this weekend.
I01284,U0207,H013,discord_message,2025-05-10T12:18:21,"pushing the fix now, pull before you touch the retrieval service"
I01285,U0207,,discord_message,2025-03-19T23:51:45,"rehearsed twice, we are at 3:10 so we need to cut about twenty seconds"
I01286,U0207,H016,question,2025-08-16T14:55:35,Is there a template for the submission writeup anywhere?
I01287,U0207,H016,answered_question,2025-08-13T19:56:58,You get three minutes plus two for questions. They are strict about it.
I01288,U0207,,answered_question,2026-08-21T20:13:25,"Judges look at the running product first, code only if they have doubts."
I01289,U0207,H012,question,2025-04-02T14:13:34,Does anyone know if the AuraDB free tier can handle a few hundred thousand nodes?
I01290,U0207,H012,comment,2025-03-14T20:42:18,Third hackathon here and the organisation keeps getting better.
I01291,U0207,H012,discord_message,2025-03-13T14:41:08,"rehearsed twice, we are at 3:10 so we need to cut about twenty seconds"
I01292,U0207,H013,workshop_attended,2025-05-04T14:26:43,
I01293,U0207,H016,answered_question,2025-08-29T15:57:16,"For offline auth just stub it and say so, nobody marks you down for that."
I01294,U0207,H016,answered_question,2025-09-06T14:39:53,The writeup template is linked in the pinned message on the announcements channel.
I01295,U0208,H004,comment,2024-05-24T12:47:05,Coffee has run out on floor 2 for anyone planning their next hour around it.
I01296,U0208,H012,comment,2025-03-21T20:10:15,Third hackathon here and the organisation keeps getting better.
I01297,U0208,H004,comment,2024-05-10T17:18:08,"Our team is two people short, DM me if you want to join a GenAI track build."
I01298,U0208,H004,question,2024-05-27T14:03:03,"Is there a rate limit on the embeddings endpoint, and if so what is it?"
I01299,U0208,H012,profile_update,2025-03-23T12:44:04,
I01300,U0208,,comment,2026-04-10T18:26:58,"Our demo broke live and we still placed, so do not panic if yours does."
I01301,U0208,H019,question,2026-01-14T09:10:09,What is the best way to handle auth for a demo that has to work offline?
I01302,U0208,,comment,2024-08-18T13:45:27,Anyone else getting a 429 from the sponsor API? Third time in ten minutes.
I01303,U0208,,discord_message,2025-12-13T12:04:53,"we are cutting the matchmaking feature, no time"
I01304,U0208,,answered_question,2024-12-23T12:07:12,Rate limit is 60 requests per minute per key. Batch your calls.
I01305,U0208,H004,question,2024-05-19T08:19:02,Is there a template for the submission writeup anywhere?
I01306,U0208,H021,comment,2026-03-23T21:21:27,Anyone have a spare USB-C charger? Ours walked off.
I01307,U0208,H004,comment,2024-05-11T15:49:04,Third hackathon here and the organisation keeps getting better.
I01308,U0208,H019,discord_message,2025-12-22T17:30:04,"found the bug, it was a timezone thing in the date parsing"
I01309,U0208,,discord_message,2024-12-16T10:44:02,"moving our table to near the power outlets, we are at 22 now"
I01310,U0208,H012,discord_message,2025-03-27T15:04:00,"last commit before freeze, do not push anything after this"
I01311,U0208,H012,profile_update,2025-04-06T13:00:57,
I01312,U0209,H005,question,2024-07-01T10:05:06,Are teams allowed to be four people or is three the cap this time?
I01313,U0209,H005,answered_question,2024-06-28T17:11:21,Rate limit is 60 requests per minute per key. Batch your calls.
I01314,U0209,H005,comment,2024-06-17T08:17:15,"Shout-out to whoever left the HDMI adapter at table 14, you saved our demo."
I01315,U0209,,question,2026-09-14T22:34:00,Are teams allowed to be four people or is three the cap this time?
I01316,U0209,,question,2026-04-17T13:08:03,Do judges want to see the code or just the running product?
I01317,U0210,,discord_message,2026-04-05T21:23:47,"rehearsed twice, we are at 3:10 so we need to cut about twenty seconds"
I01318,U0210,H023,comment,2026-07-06T17:47:48,Does the sponsor prize require using their hosted version or is self-hosted fine?
I01319,U0210,H023,question,2026-07-01T08:08:59,Can one person be on two teams for different tracks?
I01320,U0210,H023,comment,2026-06-24T19:01:23,The mentor feedback on scoping was the single most useful thing this weekend.
I01321,U0211,,question,2025-12-23T09:55:50,Are we expected to present on the main stage or at our table?
I01322,U0211,,discord_message,2026-06-21T20:26:10,"moving our table to near the power outlets, we are at 22 now"
I01323,U0213,,answered_question,2026-01-04T17:20:12,"You can be on two teams but you can only win once, which they enforce."
I01324,U0213,,discord_message,2024-04-05T20:52:51,"demo script is in the shared doc, please read it before we rehearse"
I01325,U0214,H024,workshop_attended,2026-07-27T20:26:50,
I01326,U0214,H024,question,2026-08-13T21:23:10,"Is there a rate limit on the embeddings endpoint, and if so what is it?"
I01327,U0214,H009,workshop_attended,2024-11-25T21:33:33,
I01328,U0214,,comment,2026-03-02T23:01:52,"Shout-out to whoever left the HDMI adapter at table 14, you saved our demo."
I01329,U0214,H024,question,2026-07-26T09:51:59,What is the best way to handle auth for a demo that has to work offline?
I01330,U0214,H009,discord_message,2024-12-08T15:26:27,"found the bug, it was a timezone thing in the date parsing"
I01331,U0215,H016,comment,2025-09-05T13:43:11,"Shout-out to whoever left the HDMI adapter at table 14, you saved our demo."
I01332,U0215,H006,answered_question,2024-07-25T17:09:20,"Judges look at the running product first, code only if they have doubts."
I01333,U0215,,discord_message,2026-05-20T09:51:44,"last commit before freeze, do not push anything after this"
I01334,U0215,,question,2025-09-07T17:06:11,Can we use a pre-existing repo as a starting point or does everything have to be written here?
I01335,U0215,H006,comment,2024-07-28T12:07:27,Finally got the deployment working. The build was failing because of a Node version mismatch.
I01336,U0215,H016,profile_update,2025-08-28T23:12:38,
I01337,U0215,H006,profile_update,2024-07-24T19:39:20,
I01338,U0216,H006,comment,2024-08-10T21:18:07,"The wifi in hall B is unusable, switching to a hotspot if anyone wants to share."
I01339,U0216,,question,2024-03-19T16:30:15,Does anyone know if the AuraDB free tier can handle a few hundred thousand nodes?
I01340,U0216,H006,discord_message,2024-08-04T13:00:13,"rehearsed twice, we are at 3:10 so we need to cut about twenty seconds"
I01341,U0216,,profile_update,2025-02-14T20:16:00,
I01342,U0216,H001,discord_message,2024-01-11T17:36:48,"the api key rotated, new one is in the env file on the shared drive"
I01343,U0216,,answered_question,2026-08-14T08:33:46,"Yes, self-hosted counts for the prize track, it was confirmed on the Discord at 11am."
I01344,U0216,H006,discord_message,2024-08-21T17:59:20,"moving our table to near the power outlets, we are at 22 now"
I01345,U0216,H016,discord_message,2025-08-25T15:04:18,can someone take screenshots for the submission while i fix the deploy
I01346,U0216,,question,2024-06-17T20:54:41,Can we use a pre-existing repo as a starting point or does everything have to be written here?
I01347,U0216,,answered_question,2024-03-27T12:13:49,Fine-tuning is allowed. Two teams did it last year.
I01348,U0216,H006,comment,2024-08-05T19:08:08,Coffee has run out on floor 2 for anyone planning their next hour around it.
I01349,U0216,H001,comment,2024-01-16T16:38:30,"Judging felt fair this time, the rubric being published in advance helped a lot."
I01350,U0217,H009,profile_update,2024-11-26T11:09:13,
I01351,U0217,H009,answered_question,2024-11-28T12:26:02,"The cap is four this time, it changed from last edition."
I01352,U0218,H008,discord_message,2024-10-26T16:36:34,"rehearsed twice, we are at 3:10 so we need to cut about twenty seconds"
I01353,U0218,,comment,2026-01-23T08:02:11,Finally got the deployment working. The build was failing because of a Node version mismatch.
I01354,U0218,,comment,2025-11-14T10:11:43,The mentor feedback on scoping was the single most useful thing this weekend.
I01355,U0218,H008,question,2024-10-30T11:06:16,"Is there a rate limit on the embeddings endpoint, and if so what is it?"
I01356,U0218,H008,comment,2024-11-06T20:41:19,"Judging felt fair this time, the rubric being published in advance helped a lot."
I01357,U0218,H008,comment,2024-11-06T15:45:49,"If anyone is stuck on CORS with the workshop template, the fix is in the pinned message."
I01358,U0220,,workshop_attended,2024-03-31T10:46:14,
I01359,U0220,H009,profile_update,2024-12-13T11:23:13,
I01360,U0220,H009,question,2024-12-16T18:36:41,Can one person be on two teams for different tracks?
I01361,U0220,,comment,2024-03-10T09:22:57,"Great talk on vector databases, the part about hybrid retrieval was the useful bit."
I01362,U0220,H002,answered_question,2024-03-05T21:18:01,"For offline auth just stub it and say so, nobody marks you down for that."
I01363,U0222,H013,profile_update,2025-05-20T17:00:32,
I01364,U0222,,question,2024-08-28T14:32:34,Is model fine-tuning allowed or is it inference only?
I01365,U0222,,answered_question,2025-11-17T18:36:47,"If your deployment dies they will let you show a recording, but tell them beforehand."
I01366,U0222,,discord_message,2024-12-17T17:01:54,anyone awake? stuck on a merge conflict in the schema file
I01367,U0222,H007,discord_message,2024-09-28T22:27:22,"the api key rotated, new one is in the env file on the shared drive"
I01368,U0222,H007,question,2024-09-26T21:37:48,What happens if our deployment goes down during judging?
I01369,U0222,H013,comment,2025-04-29T08:31:20,"We pivoted at 3am and it was the right call, the first idea had no demo path."
I01370,U0222,H013,answered_question,2025-05-20T16:24:00,You can augment the dataset as long as you declare the extra sources.
I01371,U0223,,comment,2024-12-25T19:18:11,"Reminder that the submission deadline is 6pm not 8pm, it changed on the Discord."
I01372,U0224,,discord_message,2025-06-12T17:01:34,"demo script is in the shared doc, please read it before we rehearse"
I01373,U0224,,workshop_attended,2025-05-08T09:30:51,
I01374,U0225,H011,workshop_attended,2025-02-28T22:27:55,
I01375,U0225,H011,question,2025-02-01T09:26:13,Are teams allowed to be four people or is three the cap this time?
I01376,U0225,,comment,2024-11-23T22:16:16,"The graph database workshop was much better than I expected, worth the hour."
I01377,U0225,H011,discord_message,2025-02-15T09:22:08,"we are cutting the matchmaking feature, no time"
I01378,U0225,H011,answered_question,2025-02-05T18:47:37,"Free tier handles that node count fine, but create your indexes before bulk loading."
I01379,U0226,,discord_message,2024-06-05T22:00:39,"last commit before freeze, do not push anything after this"
I01380,U0226,,answered_question,2024-08-01T18:20:02,Fine-tuning is allowed. Two teams did it last year.
I01381,U0227,H006,discord_message,2024-08-09T10:23:48,"moving our table to near the power outlets, we are at 22 now"
I01382,U0227,H019,question,2026-01-02T14:32:50,"Is there a rate limit on the embeddings endpoint, and if so what is it?"
I01383,U0227,H006,answered_question,2024-08-06T18:16:13,"Judges look at the running product first, code only if they have doubts."
I01384,U0227,H021,comment,2026-04-17T18:36:13,"Judging felt fair this time, the rubric being published in advance helped a lot."
I01385,U0227,H019,discord_message,2026-01-17T17:01:46,anyone awake? stuck on a merge conflict in the schema file
I01386,U0227,H006,question,2024-08-14T20:31:22,Are we expected to present on the main stage or at our table?
I01387,U0227,,discord_message,2025-10-29T23:56:45,"i am taking the ingestion path, you take the UI, lets not touch the same files"
I01388,U0227,H019,comment,2026-01-07T17:06:29,"The graph database workshop was much better than I expected, worth the hour."
I01389,U0227,H006,discord_message,2024-08-07T23:09:50,"found the bug, it was a timezone thing in the date parsing"
I01390,U0229,,answered_question,2024-09-04T17:01:53,The writeup template is linked in the pinned message on the announcements channel.
I01391,U0230,,comment,2025-05-30T08:08:53,Really liked that the results were announced with the score breakdown.
I01392,U0230,,workshop_attended,2025-07-07T14:55:59,
I01393,U0230,H006,question,2024-08-01T15:13:17,Is there a template for the submission writeup anywhere?
I01394,U0231,,discord_message,2025-04-11T23:59:47,anyone awake? stuck on a merge conflict in the schema file
I01395,U0231,H007,comment,2024-09-22T23:55:18,Does the sponsor prize require using their hosted version or is self-hosted fine?
I01396,U0231,H007,discord_message,2024-09-03T15:08:56,"found the bug, it was a timezone thing in the date parsing"
I01397,U0231,H013,answered_question,2025-04-30T21:21:58,You can augment the dataset as long as you declare the extra sources.
I01398,U0231,H013,comment,2025-05-19T16:47:10,"The graph database workshop was much better than I expected, worth the hour."
I01399,U0231,H013,comment,2025-04-27T18:07:52,"We pivoted at 3am and it was the right call, the first idea had no demo path."
I01400,U0231,H007,comment,2024-09-24T09:03:05,"Great talk on vector databases, the part about hybrid retrieval was the useful bit."
I01401,U0233,H012,discord_message,2025-03-13T15:53:48,"moving our table to near the power outlets, we are at 22 now"
I01402,U0233,H012,question,2025-03-22T18:01:15,Do judges want to see the code or just the running product?
I01403,U0233,H012,question,2025-03-16T23:14:05,Is the dataset they provided allowed to be augmented with external data?
I01404,U0233,H012,profile_update,2025-03-16T20:30:02,
I01405,U0233,H012,comment,2025-03-14T10:19:42,Does the sponsor prize require using their hosted version or is self-hosted fine?
I01406,U0233,H012,question,2025-03-21T23:20:22,Are teams allowed to be four people or is three the cap this time?
I01407,U0235,H016,workshop_attended,2025-08-28T12:00:05,
I01408,U0235,H016,discord_message,2025-08-15T20:13:05,"the api key rotated, new one is in the env file on the shared drive"
I01409,U0235,,discord_message,2024-07-03T13:46:42,"going to sleep for 90 minutes, ping me if the build breaks"
I01410,U0235,H016,comment,2025-09-10T09:35:20,"Great talk on vector databases, the part about hybrid retrieval was the useful bit."
I01411,U0235,,comment,2025-02-09T22:39:12,"The graph database workshop was much better than I expected, worth the hour."
I01412,U0235,H007,discord_message,2024-09-21T13:04:12,can someone take screenshots for the submission while i fix the deploy
I01413,U0235,H007,comment,2024-09-11T17:25:23,Coffee has run out on floor 2 for anyone planning their next hour around it.
I01414,U0235,,workshop_attended,2024-12-25T21:45:12,
I01415,U0235,H003,comment,2024-04-11T11:52:14,"Great talk on vector databases, the part about hybrid retrieval was the useful bit."
I01416,U0235,,discord_message,2026-08-01T08:34:41,"found the bug, it was a timezone thing in the date parsing"
I01417,U0236,,question,2026-09-07T19:00:29,Are teams allowed to be four people or is three the cap this time?
I01418,U0236,H018,profile_update,2025-11-13T22:39:38,
I01419,U0236,,answered_question,2025-11-18T23:14:08,Pre-existing repos are allowed if you declare them and the new work is clearly separable.
I01420,U0237,,profile_update,2024-11-20T09:44:08,
I01421,U0237,H013,answered_question,2025-05-22T16:40:36,"You can be on two teams but you can only win once, which they enforce."
I01422,U0237,H013,discord_message,2025-05-11T23:14:20,"the api key rotated, new one is in the env file on the shared drive"
I01423,U0237,,answered_question,2026-01-30T17:08:45,"Judges look at the running product first, code only if they have doubts."
I01424,U0237,,discord_message,2024-11-10T23:15:27,"last commit before freeze, do not push anything after this"
I01425,U0237,H014,answered_question,2025-06-13T20:15:30,"Free tier handles that node count fine, but create your indexes before bulk loading."
I01426,U0237,H013,question,2025-05-04T12:40:23,Are we expected to present on the main stage or at our table?
I01427,U0237,H014,discord_message,2025-06-26T18:09:41,"demo script is in the shared doc, please read it before we rehearse"
I01428,U0237,H007,answered_question,2024-09-27T13:41:23,"Judges look at the running product first, code only if they have doubts."
I01429,U0237,,workshop_attended,2025-10-07T17:34:58,
I01430,U0237,H014,comment,2025-06-04T12:27:17,"Our team is two people short, DM me if you want to join a GenAI track build."
I01431,U0237,,discord_message,2024-12-09T12:15:39,"the api key rotated, new one is in the env file on the shared drive"
I01432,U0238,H004,comment,2024-05-31T23:18:05,"If anyone is stuck on CORS with the workshop template, the fix is in the pinned message."
I01433,U0238,,answered_question,2026-02-11T20:26:45,"For offline auth just stub it and say so, nobody marks you down for that."
I01434,U0238,H019,comment,2026-01-17T21:57:09,Coffee has run out on floor 2 for anyone planning their next hour around it.
I01435,U0238,,profile_update,2026-03-30T21:02:23,
I01436,U0240,H009,answered_question,2024-12-13T10:34:56,The writeup template is linked in the pinned message on the announcements channel.
I01437,U0240,,comment,2025-01-07T08:17:00,Anyone have a spare USB-C charger? Ours walked off.
I01438,U0240,H019,comment,2026-01-03T14:20:14,Does the sponsor prize require using their hosted version or is self-hosted fine?
I01439,U0240,H009,comment,2024-12-09T22:50:11,Does the sponsor prize require using their hosted version or is self-hosted fine?
I01440,U0240,H019,comment,2026-01-04T14:06:37,"Our team is two people short, DM me if you want to join a GenAI track build."
I01441,U0242,H015,comment,2025-07-08T17:30:36,Third hackathon here and the organisation keeps getting better.
I01442,U0242,H019,comment,2026-01-16T16:13:53,"Great talk on vector databases, the part about hybrid retrieval was the useful bit."
I01443,U0242,,discord_message,2025-03-05T14:13:45,"we are cutting the matchmaking feature, no time"
I01444,U0242,,comment,2026-06-11T10:05:03,Really liked that the results were announced with the score breakdown.
I01445,U0242,H015,question,2025-07-12T17:28:04,Is model fine-tuning allowed or is it inference only?
I01446,U0242,H009,discord_message,2024-11-29T18:53:22,"moving our table to near the power outlets, we are at 22 now"
I01447,U0242,H019,comment,2025-12-26T19:10:05,Coffee has run out on floor 2 for anyone planning their next hour around it.
I01448,U0242,,question,2024-11-23T12:28:52,"How long do we get for the demo, including questions?"
I01449,U0243,H002,question,2024-02-08T12:19:28,Does anyone know if the AuraDB free tier can handle a few hundred thousand nodes?
I01450,U0243,,answered_question,2026-03-23T21:56:00,"Use a hotspot for the demo, the venue wifi drops under load every year."
I01451,U0243,,question,2024-02-01T23:46:00,Are teams allowed to be four people or is three the cap this time?
I01452,U0243,H002,comment,2024-02-27T09:17:22,"Great talk on vector databases, the part about hybrid retrieval was the useful bit."
I01453,U0243,H002,workshop_attended,2024-02-09T11:58:03,
I01454,U0243,H002,workshop_attended,2024-02-18T12:03:27,
I01455,U0244,H006,answered_question,2024-08-16T11:41:50,"You can be on two teams but you can only win once, which they enforce."
I01456,U0244,H006,question,2024-08-18T20:56:44,What happens if our deployment goes down during judging?
I01457,U0244,H006,workshop_attended,2024-08-01T15:51:36,
I01458,U0245,,discord_message,2026-06-30T11:46:55,"moving our table to near the power outlets, we are at 22 now"
I01459,U0245,,question,2024-09-24T15:19:51,What happens if our deployment goes down during judging?
I01460,U0247,,discord_message,2024-07-30T22:51:36,"we are cutting the matchmaking feature, no time"
I01461,U0247,H005,question,2024-06-24T08:45:01,Is there a template for the submission writeup anywhere?
I01462,U0247,H005,question,2024-06-30T20:06:20,"Is there a rate limit on the embeddings endpoint, and if so what is it?"
I01463,U0247,H005,workshop_attended,2024-06-16T19:57:01,
I01464,U0247,H005,comment,2024-06-20T13:27:21,"Our team is two people short, DM me if you want to join a GenAI track build."
I01465,U0247,H005,profile_update,2024-07-06T12:47:06,
I01466,U0248,H014,comment,2025-06-26T17:49:47,Finally got the deployment working. The build was failing because of a Node version mismatch.
I01467,U0248,H014,comment,2025-06-24T13:44:38,"The graph database workshop was much better than I expected, worth the hour."
I01468,U0248,H014,comment,2025-06-26T10:32:57,"Great talk on vector databases, the part about hybrid retrieval was the useful bit."
I01469,U0248,H014,answered_question,2025-06-02T15:30:43,"You can be on two teams but you can only win once, which they enforce."
I01470,U0248,H013,question,2025-04-30T15:02:56,Is the dataset they provided allowed to be augmented with external data?
I01471,U0248,,workshop_attended,2025-07-01T21:53:48,
I01472,U0249,,discord_message,2025-01-08T15:03:33,"the api key rotated, new one is in the env file on the shared drive"
I01473,U0249,,comment,2025-05-30T21:34:18,Coffee has run out on floor 2 for anyone planning their next hour around it.
I01474,U0249,,comment,2025-08-10T11:15:17,"Reminder that the submission deadline is 6pm not 8pm, it changed on the Discord."
I01475,U0249,,answered_question,2026-09-11T17:29:05,Rate limit is 60 requests per minute per key. Batch your calls.
I01476,U0249,H012,question,2025-03-12T19:36:53,"How long do we get for the demo, including questions?"
I01477,U0249,H019,comment,2026-01-14T10:22:03,"Shout-out to whoever left the HDMI adapter at table 14, you saved our demo."
I01478,U0249,H020,workshop_attended,2026-02-17T11:38:53,
I01479,U0249,,answered_question,2026-04-14T22:40:52,You get three minutes plus two for questions. They are strict about it.
I01480,U0249,H019,answered_question,2025-12-22T09:42:24,Rate limit is 60 requests per minute per key. Batch your calls.
I01481,U0249,H020,comment,2026-02-24T19:25:28,"The wifi in hall B is unusable, switching to a hotspot if anyone wants to share."
I01482,U0249,H019,discord_message,2026-01-14T18:21:40,anyone awake? stuck on a merge conflict in the schema file
I01483,U0249,H019,discord_message,2025-12-28T12:18:03,"found the bug, it was a timezone thing in the date parsing"
I01484,U0250,H012,question,2025-03-22T19:01:40,Do judges want to see the code or just the running product?
I01485,U0250,,discord_message,2025-11-26T19:24:02,anyone awake? stuck on a merge conflict in the schema file
I01486,U0250,,discord_message,2024-09-25T17:57:57,"i am taking the ingestion path, you take the UI, lets not touch the same files"
I01487,U0250,H012,discord_message,2025-03-13T10:31:06,"found the bug, it was a timezone thing in the date parsing"
I01488,U0251,H009,workshop_attended,2024-11-23T15:49:12,
I01489,U0251,H009,discord_message,2024-11-30T17:11:40,"demo script is in the shared doc, please read it before we rehearse"
I01490,U0251,H012,comment,2025-03-23T22:36:41,Coffee has run out on floor 2 for anyone planning their next hour around it.
I01491,U0252,,answered_question,2026-04-03T15:25:14,"Use a hotspot for the demo, the venue wifi drops under load every year."
I01492,U0252,,discord_message,2026-09-15T17:04:46,can someone take screenshots for the submission while i fix the deploy
I01493,U0253,H011,question,2025-02-28T17:24:13,"Is there a rate limit on the embeddings endpoint, and if so what is it?"
I01494,U0253,,workshop_attended,2026-03-13T15:02:46,
I01495,U0253,,comment,2025-10-18T19:24:00,"Shout-out to whoever left the HDMI adapter at table 14, you saved our demo."
I01496,U0253,H002,comment,2024-02-10T21:20:03,"The wifi in hall B is unusable, switching to a hotspot if anyone wants to share."
I01497,U0253,H011,workshop_attended,2025-02-03T18:34:33,
I01498,U0254,,comment,2025-12-04T09:30:55,The mentor feedback on scoping was the single most useful thing this weekend.
I01499,U0254,H001,question,2024-01-17T18:22:10,Is the dataset they provided allowed to be augmented with external data?
I01500,U0254,H001,question,2024-01-07T19:20:24,Is there a template for the submission writeup anywhere?
I01501,U0254,H001,discord_message,2024-01-09T20:58:33,"i am taking the ingestion path, you take the UI, lets not touch the same files"
I01502,U0254,H001,answered_question,2024-01-08T15:12:38,Rate limit is 60 requests per minute per key. Batch your calls.
I01503,U0255,,profile_update,2026-08-16T14:15:02,
I01504,U0255,,workshop_attended,2026-02-07T21:33:26,
I01505,U0255,,workshop_attended,2025-09-30T13:51:19,
I01506,U0258,,answered_question,2026-08-24T21:14:23,Rate limit is 60 requests per minute per key. Batch your calls.
I01507,U0258,H015,discord_message,2025-07-30T23:29:59,"moving our table to near the power outlets, we are at 22 now"
I01508,U0258,,discord_message,2025-10-25T22:19:21,"moving our table to near the power outlets, we are at 22 now"
I01509,U0258,H015,discord_message,2025-07-14T19:06:17,"pushing the fix now, pull before you touch the retrieval service"
I01510,U0258,H022,discord_message,2026-05-25T09:15:59,"demo script is in the shared doc, please read it before we rehearse"
I01511,U0258,H015,question,2025-07-14T08:20:48,"How long do we get for the demo, including questions?"
I01512,U0258,H022,discord_message,2026-05-16T14:49:20,"going to sleep for 90 minutes, ping me if the build breaks"
I01513,U0259,H016,discord_message,2025-08-15T18:16:41,can someone take screenshots for the submission while i fix the deploy
I01514,U0259,H013,discord_message,2025-05-17T16:13:38,"moving our table to near the power outlets, we are at 22 now"
I01515,U0259,H016,workshop_attended,2025-08-22T12:12:34,
I01516,U0259,H016,profile_update,2025-08-25T18:49:10,
I01517,U0259,H016,workshop_attended,2025-09-05T16:48:46,
I01518,U0259,H016,comment,2025-09-08T08:02:42,"Reminder that the submission deadline is 6pm not 8pm, it changed on the Discord."
I01519,U0259,H014,question,2025-06-25T18:16:28,Do judges want to see the code or just the running product?
I01520,U0259,,discord_message,2026-02-28T22:18:22,"i am taking the ingestion path, you take the UI, lets not touch the same files"
I01521,U0259,H008,comment,2024-10-12T16:06:51,The mentor feedback on scoping was the single most useful thing this weekend.
I01522,U0259,H013,comment,2025-05-01T20:16:19,"We pivoted at 3am and it was the right call, the first idea had no demo path."
I01523,U0259,,question,2025-11-06T15:27:56,Can we use a pre-existing repo as a starting point or does everything have to be written here?
I01524,U0259,H008,answered_question,2024-10-11T20:05:25,"Yes, self-hosted counts for the prize track, it was confirmed on the Discord at 11am."
I01525,U0259,,discord_message,2025-08-17T11:42:59,"pushing the fix now, pull before you touch the retrieval service"
I01526,U0260,,question,2026-01-16T11:27:23,What is the best way to handle auth for a demo that has to work offline?
I01527,U0260,H016,discord_message,2025-08-30T19:19:02,"last commit before freeze, do not push anything after this"
I01528,U0260,H016,discord_message,2025-09-01T23:41:45,"pushing the fix now, pull before you touch the retrieval service"
I01529,U0260,,profile_update,2026-02-14T15:34:44,
I01530,U0260,H018,workshop_attended,2025-11-12T17:19:42,
I01531,U0260,H018,discord_message,2025-12-02T13:16:48,"moving our table to near the power outlets, we are at 22 now"
I01532,U0260,H018,workshop_attended,2025-11-13T17:34:53,
I01533,U0262,H001,question,2024-01-15T15:50:46,What happens if our deployment goes down during judging?
I01534,U0262,H001,comment,2024-01-06T10:42:58,"Great talk on vector databases, the part about hybrid retrieval was the useful bit."
I01535,U0262,,comment,2024-05-10T20:32:51,The mentor feedback on scoping was the single most useful thing this weekend.
I01536,U0262,H001,answered_question,2024-01-09T18:42:17,"Yes, self-hosted counts for the prize track, it was confirmed on the Discord at 11am."
I01537,U0262,H001,discord_message,2024-01-20T16:26:29,"last commit before freeze, do not push anything after this"
I01538,U0262,,question,2024-04-12T11:14:49,What is the best way to handle auth for a demo that has to work offline?
I01539,U0263,H020,discord_message,2026-03-03T21:12:39,"found the bug, it was a timezone thing in the date parsing"
I01540,U0263,,comment,2025-09-27T18:48:41,"The graph database workshop was much better than I expected, worth the hour."
I01541,U0263,,question,2025-06-12T19:58:58,Can we use a pre-existing repo as a starting point or does everything have to be written here?
I01542,U0263,H018,discord_message,2025-11-18T23:52:12,"rehearsed twice, we are at 3:10 so we need to cut about twenty seconds"
I01543,U0263,,discord_message,2025-01-06T20:17:32,"the api key rotated, new one is in the env file on the shared drive"
I01544,U0263,,workshop_attended,2024-01-03T22:38:10,
I01545,U0263,,comment,2024-03-08T21:25:03,"The wifi in hall B is unusable, switching to a hotspot if anyone wants to share."
I01546,U0263,,comment,2026-08-11T23:29:33,"Great talk on vector databases, the part about hybrid retrieval was the useful bit."
I01547,U0263,H020,discord_message,2026-02-19T09:56:06,"rehearsed twice, we are at 3:10 so we need to cut about twenty seconds"
I01548,U0263,,question,2026-07-19T17:43:27,Do judges want to see the code or just the running product?
I01549,U0263,,discord_message,2025-02-03T22:44:04,"found the bug, it was a timezone thing in the date parsing"
I01550,U0263,H018,workshop_attended,2025-11-13T08:20:13,
I01551,U0263,H018,question,2025-11-18T10:47:04,Do judges want to see the code or just the running product?
I01552,U0265,H016,comment,2025-09-07T10:09:53,"If anyone is stuck on CORS with the workshop template, the fix is in the pinned message."
I01553,U0265,H007,workshop_attended,2024-09-16T14:57:02,
I01554,U0265,H007,discord_message,2024-09-19T16:34:56,can someone take screenshots for the submission while i fix the deploy
I01555,U0265,H016,question,2025-08-14T22:27:26,"Is there a rate limit on the embeddings endpoint, and if so what is it?"
I01556,U0265,,comment,2026-01-25T09:19:51,Coffee has run out on floor 2 for anyone planning their next hour around it.
I01557,U0267,H019,discord_message,2026-01-17T23:21:53,can someone take screenshots for the submission while i fix the deploy
I01558,U0267,H002,question,2024-02-22T17:42:09,Are teams allowed to be four people or is three the cap this time?
I01559,U0267,H019,question,2026-01-17T18:12:05,Is the dataset they provided allowed to be augmented with external data?
I01560,U0267,H002,discord_message,2024-02-26T17:07:23,"the api key rotated, new one is in the env file on the shared drive"
I01561,U0267,,profile_update,2026-07-01T18:54:41,
I01562,U0267,H010,comment,2025-01-21T08:47:35,"We pivoted at 3am and it was the right call, the first idea had no demo path."
I01563,U0267,H002,answered_question,2024-02-29T17:40:15,Rate limit is 60 requests per minute per key. Batch your calls.
I01564,U0268,H021,comment,2026-04-11T19:02:38,"Our team is two people short, DM me if you want to join a GenAI track build."
I01565,U0268,,comment,2026-06-03T22:19:53,"If anyone is stuck on CORS with the workshop template, the fix is in the pinned message."
I01566,U0268,,discord_message,2026-04-02T18:10:58,can someone take screenshots for the submission while i fix the deploy
I01567,U0268,H021,comment,2026-04-11T11:26:53,"The wifi in hall B is unusable, switching to a hotspot if anyone wants to share."
I01568,U0269,,comment,2025-08-08T10:06:33,"If anyone is stuck on CORS with the workshop template, the fix is in the pinned message."
I01569,U0269,,comment,2025-12-24T19:03:31,"We pivoted at 3am and it was the right call, the first idea had no demo path."
I01570,U0269,,comment,2025-09-10T19:25:47,Really liked that the results were announced with the score breakdown.
I01571,U0269,H009,discord_message,2024-11-24T23:34:29,"we are cutting the matchmaking feature, no time"
I01572,U0270,H006,answered_question,2024-08-16T19:34:21,The writeup template is linked in the pinned message on the announcements channel.
I01573,U0270,,question,2025-05-02T13:55:27,Can one person be on two teams for different tracks?
I01574,U0270,,question,2025-03-10T11:33:51,Is the dataset they provided allowed to be augmented with external data?
I01575,U0270,H006,discord_message,2024-07-31T13:03:35,"i am taking the ingestion path, you take the UI, lets not touch the same files"
I01576,U0270,H006,discord_message,2024-08-03T23:13:38,"the api key rotated, new one is in the env file on the shared drive"
I01577,U0271,H015,comment,2025-07-07T15:17:06,"If anyone is stuck on CORS with the workshop template, the fix is in the pinned message."
I01578,U0271,H015,comment,2025-07-31T11:34:45,The mentor feedback on scoping was the single most useful thing this weekend.
I01579,U0271,H015,profile_update,2025-07-12T21:03:15,
I01580,U0271,H015,workshop_attended,2025-08-02T21:44:19,
I01581,U0271,H015,discord_message,2025-07-24T20:29:39,"pushing the fix now, pull before you touch the retrieval service"
I01582,U0272,H015,answered_question,2025-07-26T13:29:21,"If your deployment dies they will let you show a recording, but tell them beforehand."
I01583,U0272,H017,workshop_attended,2025-09-23T17:24:32,
I01584,U0272,H006,workshop_attended,2024-07-24T22:02:10,
I01585,U0272,,discord_message,2024-08-29T11:49:53,"found the bug, it was a timezone thing in the date parsing"
I01586,U0272,H017,question,2025-09-28T13:37:22,"Is there a rate limit on the embeddings endpoint, and if so what is it?"
I01587,U0272,H021,discord_message,2026-04-16T09:40:37,"moving our table to near the power outlets, we are at 22 now"
I01588,U0272,H004,question,2024-05-13T18:37:20,Do judges want to see the code or just the running product?
I01589,U0272,H015,discord_message,2025-07-22T14:14:32,anyone awake? stuck on a merge conflict in the schema file
I01590,U0272,,comment,2025-05-01T21:32:41,"Great talk on vector databases, the part about hybrid retrieval was the useful bit."
I01591,U0272,H015,comment,2025-08-01T19:52:53,"The graph database workshop was much better than I expected, worth the hour."
I01592,U0272,,answered_question,2026-02-12T23:00:12,"You can be on two teams but you can only win once, which they enforce."
I01593,U0272,,question,2024-11-17T13:01:31,Can we use a pre-existing repo as a starting point or does everything have to be written here?
I01594,U0272,H019,question,2026-01-03T11:41:30,Is there a template for the submission writeup anywhere?
I01595,U0273,H019,discord_message,2026-01-12T08:10:12,"demo script is in the shared doc, please read it before we rehearse"
I01596,U0273,H019,answered_question,2026-01-08T18:06:01,"Free tier handles that node count fine, but create your indexes before bulk loading."
I01597,U0273,,workshop_attended,2026-02-09T10:38:23,
I01598,U0273,H019,discord_message,2026-01-02T21:34:30,"found the bug, it was a timezone thing in the date parsing"
I01599,U0273,H021,comment,2026-03-24T17:12:17,"The graph database workshop was much better than I expected, worth the hour."
I01600,U0274,H018,answered_question,2025-11-08T17:24:33,Fine-tuning is allowed. Two teams did it last year.
I01601,U0274,H018,question,2025-11-17T08:04:47,What happens if our deployment goes down during judging?
I01602,U0274,H018,question,2025-11-06T16:46:09,Is there a template for the submission writeup anywhere?
I01603,U0274,,comment,2026-09-01T18:42:48,"The graph database workshop was much better than I expected, worth the hour."
I01604,U0276,,answered_question,2026-06-08T14:53:05,"Judges look at the running product first, code only if they have doubts."
I01605,U0276,,comment,2026-08-26T23:22:09,Does the sponsor prize require using their hosted version or is self-hosted fine?
I01606,U0276,H020,question,2026-02-16T15:09:35,"What counts as ""using"" the sponsor tech for the prize track?"
I01607,U0277,H023,workshop_attended,2026-06-29T17:35:44,
I01608,U0277,,comment,2026-07-20T15:15:32,"Our demo broke live and we still placed, so do not panic if yours does."
I01609,U0277,H023,comment,2026-07-15T23:02:31,Anyone else getting a 429 from the sponsor API? Third time in ten minutes.
I01610,U0278,,comment,2024-08-30T08:38:22,Third hackathon here and the organisation keeps getting better.
I01611,U0278,H013,answered_question,2025-05-12T11:09:52,Fine-tuning is allowed. Two teams did it last year.
I01612,U0278,H014,question,2025-06-14T11:52:45,What is the best way to handle auth for a demo that has to work offline?
I01613,U0278,,question,2024-09-28T17:18:07,Does anyone know if the AuraDB free tier can handle a few hundred thousand nodes?
I01614,U0278,,workshop_attended,2025-01-13T14:26:49,
I01615,U0278,,comment,2026-05-14T10:01:57,"Judging felt fair this time, the rubric being published in advance helped a lot."
I01616,U0278,,comment,2025-06-27T18:53:33,"We pivoted at 3am and it was the right call, the first idea had no demo path."
I01617,U0278,H003,comment,2024-04-17T22:27:55,"Reminder that the submission deadline is 6pm not 8pm, it changed on the Discord."
I01618,U0278,H014,workshop_attended,2025-06-16T12:11:22,
I01619,U0278,H018,discord_message,2025-11-06T14:52:45,can someone take screenshots for the submission while i fix the deploy
I01620,U0278,H012,discord_message,2025-03-18T11:31:07,"i am taking the ingestion path, you take the UI, lets not touch the same files"
I01621,U0278,H012,comment,2025-03-17T10:10:45,"Shout-out to whoever left the HDMI adapter at table 14, you saved our demo."
I01622,U0278,H018,answered_question,2025-11-06T15:46:31,Rate limit is 60 requests per minute per key. Batch your calls.
I01623,U0280,,comment,2025-01-01T16:36:08,"We pivoted at 3am and it was the right call, the first idea had no demo path."
I01624,U0280,,answered_question,2024-09-02T10:56:43,"Free tier handles that node count fine, but create your indexes before bulk loading."
I01625,U0280,H013,comment,2025-05-12T08:58:53,Anyone else getting a 429 from the sponsor API? Third time in ten minutes.
I01626,U0280,H023,discord_message,2026-07-09T19:54:59,"rehearsed twice, we are at 3:10 so we need to cut about twenty seconds"
I01627,U0280,H005,comment,2024-07-05T14:41:22,Anyone else getting a 429 from the sponsor API? Third time in ten minutes.
I01628,U0280,H005,question,2024-07-03T11:45:07,Can one person be on two teams for different tracks?
I01629,U0280,,discord_message,2025-06-13T14:40:33,"demo script is in the shared doc, please read it before we rehearse"
I01630,U0281,H014,question,2025-06-13T16:34:06,Are we expected to present on the main stage or at our table?
I01631,U0281,H014,question,2025-05-30T08:34:06,Do judges want to see the code or just the running product?
I01632,U0281,H014,comment,2025-06-13T18:14:08,"The wifi in hall B is unusable, switching to a hotspot if anyone wants to share."
I01633,U0281,,discord_message,2026-02-08T08:23:39,"we are cutting the matchmaking feature, no time"
I01634,U0281,H010,answered_question,2025-01-03T17:01:20,"You can be on two teams but you can only win once, which they enforce."
I01635,U0283,,answered_question,2025-02-23T21:21:52,"You can be on two teams but you can only win once, which they enforce."
I01636,U0283,H008,answered_question,2024-11-06T16:26:15,"Use a hotspot for the demo, the venue wifi drops under load every year."
I01637,U0283,,comment,2025-03-09T19:21:08,"If anyone is stuck on CORS with the workshop template, the fix is in the pinned message."
I01638,U0283,H008,workshop_attended,2024-11-01T19:13:48,
I01639,U0284,H020,discord_message,2026-02-27T15:10:28,"found the bug, it was a timezone thing in the date parsing"
I01640,U0284,H020,comment,2026-02-16T12:44:53,Third hackathon here and the organisation keeps getting better.
I01641,U0284,H020,comment,2026-02-11T12:00:29,"Our demo broke live and we still placed, so do not panic if yours does."
I01642,U0287,H011,question,2025-02-26T17:07:56,Is the dataset they provided allowed to be augmented with external data?
I01643,U0287,H011,question,2025-02-10T23:01:21,"How long do we get for the demo, including questions?"
I01644,U0287,H011,question,2025-02-05T10:34:43,What is the best way to handle auth for a demo that has to work offline?
I01645,U0287,H011,discord_message,2025-02-20T16:59:04,can someone take screenshots for the submission while i fix the deploy
I01646,U0288,H013,question,2025-05-13T14:00:21,Can one person be on two teams for different tracks?
I01647,U0288,H013,comment,2025-05-02T15:52:33,"Judging felt fair this time, the rubric being published in advance helped a lot."
I01648,U0288,H013,comment,2025-05-21T09:51:41,Anyone have a spare USB-C charger? Ours walked off.
I01649,U0289,,question,2026-08-08T23:26:16,Is the dataset they provided allowed to be augmented with external data?
I01650,U0290,H021,question,2026-03-24T11:18:52,Do judges want to see the code or just the running product?
I01651,U0290,H005,comment,2024-07-03T12:42:33,The mentor feedback on scoping was the single most useful thing this weekend.
I01652,U0290,H005,answered_question,2024-06-22T14:15:13,"For offline auth just stub it and say so, nobody marks you down for that."
I01653,U0290,H021,question,2026-04-05T16:32:56,Are we expected to present on the main stage or at our table?
I01654,U0290,H021,question,2026-04-18T20:37:00,"What counts as ""using"" the sponsor tech for the prize track?"
I01655,U0290,,comment,2025-07-09T14:59:11,"The graph database workshop was much better than I expected, worth the hour."
I01656,U0290,H021,question,2026-04-07T14:58:11,What happens if our deployment goes down during judging?
I01657,U0291,H024,profile_update,2026-07-25T13:51:15,
I01658,U0291,H024,workshop_attended,2026-07-29T18:46:58,
I01659,U0291,H024,discord_message,2026-08-16T14:07:39,can someone take screenshots for the submission while i fix the deploy
I01660,U0293,H020,comment,2026-02-12T11:38:47,Finally got the deployment working. The build was failing because of a Node version mismatch.
I01661,U0293,H020,discord_message,2026-02-16T23:27:51,"the api key rotated, new one is in the env file on the shared drive"
I01662,U0293,,comment,2026-01-02T10:47:26,"Shout-out to whoever left the HDMI adapter at table 14, you saved our demo."
I01663,U0293,,profile_update,2026-01-05T11:10:59,
I01664,U0294,,comment,2025-12-15T16:29:32,"The wifi in hall B is unusable, switching to a hotspot if anyone wants to share."
I01665,U0295,H005,question,2024-07-03T23:31:10,Is model fine-tuning allowed or is it inference only?
I01666,U0295,H022,comment,2026-05-28T22:30:14,"If anyone is stuck on CORS with the workshop template, the fix is in the pinned message."
I01667,U0295,,comment,2026-02-28T23:20:48,Anyone else getting a 429 from the sponsor API? Third time in ten minutes.
I01668,U0295,H005,question,2024-06-24T17:47:52,"What counts as ""using"" the sponsor tech for the prize track?"
I01669,U0295,,comment,2026-07-16T15:39:00,Coffee has run out on floor 2 for anyone planning their next hour around it.
I01670,U0295,H005,discord_message,2024-06-12T20:41:31,"i am taking the ingestion path, you take the UI, lets not touch the same files"
I01671,U0295,H005,comment,2024-06-14T08:38:23,"Shout-out to whoever left the HDMI adapter at table 14, you saved our demo."
I01672,U0295,H005,question,2024-06-28T10:49:35,"Is there a rate limit on the embeddings endpoint, and if so what is it?"
I01673,U0296,H017,question,2025-09-24T10:34:44,What is the best way to handle auth for a demo that has to work offline?
I01674,U0296,H017,discord_message,2025-10-10T15:06:39,can someone take screenshots for the submission while i fix the deploy
I01675,U0296,,profile_update,2026-08-30T20:04:12,
I01676,U0297,H008,discord_message,2024-10-21T08:08:51,"last commit before freeze, do not push anything after this"
I01677,U0297,H008,comment,2024-10-27T14:17:55,Anyone else getting a 429 from the sponsor API? Third time in ten minutes.
I01678,U0297,,answered_question,2025-12-14T10:44:03,You get three minutes plus two for questions. They are strict about it.
I01679,U0297,,comment,2025-05-24T09:48:50,Finally got the deployment working. The build was failing because of a Node version mismatch.
I01680,U0297,H008,comment,2024-10-20T10:44:05,Third hackathon here and the organisation keeps getting better.
I01681,U0298,,comment,2025-10-07T10:00:13,The mentor feedback on scoping was the single most useful thing this weekend.
I01682,U0298,H009,question,2024-12-17T15:15:32,Are teams allowed to be four people or is three the cap this time?
I01683,U0298,H009,comment,2024-12-11T19:35:39,"Reminder that the submission deadline is 6pm not 8pm, it changed on the Discord."
I01684,U0298,H009,question,2024-12-06T22:57:19,Can one person be on two teams for different tracks?
I01685,U0299,H007,comment,2024-09-25T14:23:08,"Our team is two people short, DM me if you want to join a GenAI track build."
I01686,U0299,,question,2024-11-27T08:48:57,What happens if our deployment goes down during judging?
I01687,U0301,,comment,2026-08-07T14:52:47,Finally got the deployment working. The build was failing because of a Node version mismatch.
I01688,U0301,,question,2026-07-23T18:57:45,Can we use a pre-existing repo as a starting point or does everything have to be written here?
I01689,U0302,H011,answered_question,2025-02-04T08:11:14,You can augment the dataset as long as you declare the extra sources.
I01690,U0302,H011,answered_question,2025-02-07T11:25:40,"Free tier handles that node count fine, but create your indexes before bulk loading."
I01691,U0302,H011,workshop_attended,2025-02-01T09:49:54,
I01692,U0302,H011,question,2025-02-09T10:45:47,Can we use a pre-existing repo as a starting point or does everything have to be written here?
I01693,U0302,H011,workshop_attended,2025-03-01T22:10:59,
I01694,U0303,,workshop_attended,2024-06-28T16:49:24,
I01695,U0303,,question,2024-12-15T14:17:48,"How long do we get for the demo, including questions?"
I01696,U0303,,question,2025-11-15T23:24:13,Is model fine-tuning allowed or is it inference only?
I01697,U0303,H022,answered_question,2026-05-16T16:29:48,"You can be on two teams but you can only win once, which they enforce."
I01698,U0303,H021,discord_message,2026-03-25T08:17:14,"found the bug, it was a timezone thing in the date parsing"
I01699,U0303,H007,workshop_attended,2024-09-22T10:08:01,
I01700,U0303,H007,question,2024-09-09T16:24:24,Does anyone know if the AuraDB free tier can handle a few hundred thousand nodes?
I01701,U0303,,discord_message,2024-12-31T15:14:59,"pushing the fix now, pull before you touch the retrieval service"
I01702,U0303,H017,profile_update,2025-10-11T19:32:08,
I01703,U0303,H007,comment,2024-09-15T18:31:17,Coffee has run out on floor 2 for anyone planning their next hour around it.
I01704,U0303,H021,discord_message,2026-04-11T21:40:13,"the api key rotated, new one is in the env file on the shared drive"
I01705,U0303,H017,answered_question,2025-10-18T14:01:59,"If your deployment dies they will let you show a recording, but tell them beforehand."
I01706,U0303,H022,answered_question,2026-06-02T09:19:18,The writeup template is linked in the pinned message on the announcements channel.
I01707,U0303,,answered_question,2025-11-05T23:21:22,"Yes, self-hosted counts for the prize track, it was confirmed on the Discord at 11am."
I01708,U0303,H007,discord_message,2024-09-14T16:41:17,"the api key rotated, new one is in the env file on the shared drive"
I01709,U0303,,answered_question,2026-07-21T19:15:40,"The cap is four this time, it changed from last edition."
I01710,U0303,H017,workshop_attended,2025-09-26T21:18:50,
I01711,U0303,,discord_message,2024-09-08T22:45:13,anyone awake? stuck on a merge conflict in the schema file
I01712,U0303,,comment,2025-10-15T20:37:31,"We pivoted at 3am and it was the right call, the first idea had no demo path."
I01713,U0303,H001,discord_message,2024-01-12T21:19:06,anyone awake? stuck on a merge conflict in the schema file
I01714,U0303,H021,discord_message,2026-03-28T15:29:48,"going to sleep for 90 minutes, ping me if the build breaks"
I01715,U0303,H021,comment,2026-04-11T20:01:38,Coffee has run out on floor 2 for anyone planning their next hour around it.
I01716,U0303,H008,discord_message,2024-10-15T18:10:01,"we are cutting the matchmaking feature, no time"
I01717,U0303,,workshop_attended,2026-09-15T12:04:39,
I01718,U0303,H013,discord_message,2025-05-18T13:23:38,"moving our table to near the power outlets, we are at 22 now"
I01719,U0303,H017,discord_message,2025-10-12T13:23:14,"demo script is in the shared doc, please read it before we rehearse"
I01720,U0303,,comment,2026-03-01T12:51:46,Coffee has run out on floor 2 for anyone planning their next hour around it.
I01721,U0306,H006,comment,2024-07-26T23:37:19,Coffee has run out on floor 2 for anyone planning their next hour around it.
I01722,U0306,,discord_message,2025-10-13T20:57:15,"found the bug, it was a timezone thing in the date parsing"
I01723,U0306,H006,profile_update,2024-08-11T13:58:47,
I01724,U0306,,discord_message,2025-08-24T14:27:31,"demo script is in the shared doc, please read it before we rehearse"
I01725,U0306,H018,question,2025-11-19T09:47:11,Is the dataset they provided allowed to be augmented with external data?
I01726,U0306,H011,workshop_attended,2025-02-05T12:12:56,
I01727,U0308,H023,answered_question,2026-06-23T21:22:43,You can augment the dataset as long as you declare the extra sources.
I01728,U0308,H023,question,2026-07-09T21:19:36,"Is there a rate limit on the embeddings endpoint, and if so what is it?"
I01729,U0308,H023,answered_question,2026-06-26T22:40:25,Fine-tuning is allowed. Two teams did it last year.
I01730,U0308,H023,comment,2026-07-15T08:37:02,"The wifi in hall B is unusable, switching to a hotspot if anyone wants to share."
I01731,U0308,,comment,2026-08-01T15:45:27,Third hackathon here and the organisation keeps getting better.
I01732,U0308,H023,discord_message,2026-06-24T17:51:03,"last commit before freeze, do not push anything after this"
I01733,U0309,,question,2026-05-13T19:14:14,Is model fine-tuning allowed or is it inference only?
I01734,U0309,H013,discord_message,2025-05-09T08:53:55,"the api key rotated, new one is in the env file on the shared drive"
I01735,U0309,H013,discord_message,2025-05-14T17:13:13,"i am taking the ingestion path, you take the UI, lets not touch the same files"
I01736,U0309,H013,workshop_attended,2025-05-03T08:05:42,
I01737,U0309,H013,answered_question,2025-04-26T19:28:14,"Use a hotspot for the demo, the venue wifi drops under load every year."
I01738,U0310,H020,answered_question,2026-02-14T23:21:05,"If your deployment dies they will let you show a recording, but tell them beforehand."
I01739,U0310,H020,comment,2026-02-08T13:05:39,"The graph database workshop was much better than I expected, worth the hour."
I01740,U0310,,answered_question,2026-09-01T19:12:19,You get three minutes plus two for questions. They are strict about it.
I01741,U0310,H020,answered_question,2026-02-11T23:32:17,"Yes, self-hosted counts for the prize track, it was confirmed on the Discord at 11am."
I01742,U0310,H020,workshop_attended,2026-02-20T14:55:01,
I01743,U0310,H020,answered_question,2026-02-24T17:04:49,Rate limit is 60 requests per minute per key. Batch your calls.
I01744,U0311,H022,comment,2026-05-31T12:18:34,Really liked that the results were announced with the score breakdown.
I01745,U0311,,answered_question,2026-09-15T15:30:44,Pre-existing repos are allowed if you declare them and the new work is clearly separable.
I01746,U0311,H022,workshop_attended,2026-06-03T15:28:53,
I01747,U0311,,answered_question,2026-08-15T14:05:21,"Yes, self-hosted counts for the prize track, it was confirmed on the Discord at 11am."
I01748,U0311,H022,answered_question,2026-05-25T17:50:23,"Free tier handles that node count fine, but create your indexes before bulk loading."
I01749,U0312,,question,2026-05-07T15:58:43,Is model fine-tuning allowed or is it inference only?
I01750,U0312,,profile_update,2025-09-06T23:02:33,
I01751,U0313,H003,answered_question,2024-04-20T23:48:07,"Use a hotspot for the demo, the venue wifi drops under load every year."
I01752,U0313,H010,question,2025-01-05T14:50:45,Is model fine-tuning allowed or is it inference only?
I01753,U0313,H010,discord_message,2025-01-10T14:31:05,"moving our table to near the power outlets, we are at 22 now"
I01754,U0313,,comment,2024-02-19T10:06:53,"The graph database workshop was much better than I expected, worth the hour."
I01755,U0313,H010,discord_message,2025-01-14T21:25:57,"pushing the fix now, pull before you touch the retrieval service"
I01756,U0313,H003,discord_message,2024-04-17T19:19:26,"moving our table to near the power outlets, we are at 22 now"
I01757,U0314,,comment,2026-08-17T09:08:33,"Great talk on vector databases, the part about hybrid retrieval was the useful bit."
I01758,U0314,H012,discord_message,2025-03-29T10:57:33,"last commit before freeze, do not push anything after this"
I01759,U0314,H016,comment,2025-09-06T21:40:55,Does the sponsor prize require using their hosted version or is self-hosted fine?
I01760,U0314,H012,profile_update,2025-03-25T13:49:53,
I01761,U0314,H012,profile_update,2025-03-21T09:20:12,
I01762,U0315,,question,2025-12-30T09:28:01,"Is there a rate limit on the embeddings endpoint, and if so what is it?"
I01763,U0315,,workshop_attended,2024-11-16T08:35:40,
I01764,U0315,H010,comment,2025-01-02T09:09:26,Anyone have a spare USB-C charger? Ours walked off.
I01765,U0315,,discord_message,2025-02-22T08:16:25,"last commit before freeze, do not push anything after this"
I01766,U0315,,discord_message,2025-07-16T14:46:48,"moving our table to near the power outlets, we are at 22 now"
I01767,U0317,,comment,2025-02-15T18:47:06,"Our demo broke live and we still placed, so do not panic if yours does."
I01768,U0317,,comment,2026-01-14T23:28:53,Third hackathon here and the organisation keeps getting better.
I01769,U0317,,discord_message,2026-01-04T14:18:30,"demo script is in the shared doc, please read it before we rehearse"
I01770,U0317,H007,answered_question,2024-08-31T09:07:49,"If your deployment dies they will let you show a recording, but tell them beforehand."
I01771,U0317,H007,comment,2024-09-03T14:54:30,Finally got the deployment working. The build was failing because of a Node version mismatch.
I01772,U0317,H017,comment,2025-09-20T23:05:34,Really liked that the results were announced with the score breakdown.
I01773,U0317,H007,workshop_attended,2024-09-11T21:35:58,
I01774,U0318,H013,question,2025-05-03T10:28:27,What happens if our deployment goes down during judging?
I01775,U0318,H013,discord_message,2025-05-16T09:08:29,"the api key rotated, new one is in the env file on the shared drive"
I01776,U0318,H013,comment,2025-05-07T09:25:40,The mentor feedback on scoping was the single most useful thing this weekend.
I01777,U0318,H013,discord_message,2025-05-09T20:53:49,"going to sleep for 90 minutes, ping me if the build breaks"
I01778,U0318,H013,discord_message,2025-05-16T16:16:27,"found the bug, it was a timezone thing in the date parsing"
I01779,U0319,,comment,2026-05-18T18:12:02,"Reminder that the submission deadline is 6pm not 8pm, it changed on the Discord."
I01780,U0319,,discord_message,2025-08-28T11:34:58,"last commit before freeze, do not push anything after this"
I01781,U0321,H013,comment,2025-05-11T19:29:18,"Judging felt fair this time, the rubric being published in advance helped a lot."
I01782,U0321,H023,discord_message,2026-07-02T16:04:20,can someone take screenshots for the submission while i fix the deploy
I01783,U0321,,answered_question,2026-09-09T21:08:03,"For offline auth just stub it and say so, nobody marks you down for that."
I01784,U0321,,workshop_attended,2025-11-06T11:00:46,
I01785,U0321,H023,comment,2026-07-02T16:52:14,"The graph database workshop was much better than I expected, worth the hour."
I01786,U0321,H013,comment,2025-05-10T23:49:30,"Judging felt fair this time, the rubric being published in advance helped a lot."
I01787,U0321,H013,answered_question,2025-05-16T23:54:17,You get three minutes plus two for questions. They are strict about it.
I01788,U0321,H013,discord_message,2025-05-22T18:38:25,"rehearsed twice, we are at 3:10 so we need to cut about twenty seconds"
I01789,U0321,,discord_message,2025-07-18T09:15:04,"found the bug, it was a timezone thing in the date parsing"
I01790,U0322,H016,comment,2025-08-17T20:29:42,Anyone else getting a 429 from the sponsor API? Third time in ten minutes.
I01791,U0322,,answered_question,2025-09-12T16:52:57,Fine-tuning is allowed. Two teams did it last year.
I01792,U0322,H016,answered_question,2025-09-10T13:06:26,"You can be on two teams but you can only win once, which they enforce."
I01793,U0323,,question,2025-07-13T17:07:16,"What counts as ""using"" the sponsor tech for the prize track?"
I01794,U0323,H014,comment,2025-06-20T18:35:29,Finally got the deployment working. The build was failing because of a Node version mismatch.
I01795,U0323,H014,discord_message,2025-06-18T10:23:57,"moving our table to near the power outlets, we are at 22 now"
I01796,U0323,,question,2026-02-01T10:19:18,Is model fine-tuning allowed or is it inference only?
I01797,U0323,H009,discord_message,2024-12-10T10:58:07,can someone take screenshots for the submission while i fix the deploy
I01798,U0323,H002,question,2024-03-03T08:50:49,Are teams allowed to be four people or is three the cap this time?
I01799,U0323,H002,question,2024-02-08T18:56:56,Can we use a pre-existing repo as a starting point or does everything have to be written here?
I01800,U0323,H014,question,2025-06-26T16:04:08,What is the best way to handle auth for a demo that has to work offline?
I01801,U0323,,workshop_attended,2025-05-07T23:51:29,
I01802,U0324,H014,workshop_attended,2025-06-13T18:00:46,
I01803,U0324,H014,answered_question,2025-06-10T13:31:29,"Free tier handles that node count fine, but create your indexes before bulk loading."
I01804,U0324,H014,question,2025-06-01T20:45:35,"What counts as ""using"" the sponsor tech for the prize track?"
I01805,U0324,H014,profile_update,2025-06-09T11:16:41,
I01806,U0325,H019,comment,2026-01-09T10:46:11,Third hackathon here and the organisation keeps getting better.
I01807,U0325,H011,answered_question,2025-02-15T12:26:15,You can augment the dataset as long as you declare the extra sources.
I01808,U0325,,question,2026-08-02T19:13:58,"Is there a rate limit on the embeddings endpoint, and if so what is it?"
I01809,U0325,H011,profile_update,2025-02-10T13:29:17,
I01810,U0325,H011,answered_question,2025-02-26T14:26:20,"If your deployment dies they will let you show a recording, but tell them beforehand."
I01811,U0325,,comment,2025-05-18T15:13:36,"Great talk on vector databases, the part about hybrid retrieval was the useful bit."
I01812,U0325,H021,profile_update,2026-03-22T13:49:16,
I01813,U0325,H011,profile_update,2025-02-23T17:09:14,
I01814,U0325,H021,question,2026-03-26T11:24:02,Does anyone know if the AuraDB free tier can handle a few hundred thousand nodes?
I01815,U0325,,comment,2025-11-30T23:37:26,"Reminder that the submission deadline is 6pm not 8pm, it changed on the Discord."
I01816,U0326,H009,comment,2024-12-11T22:31:50,Anyone have a spare USB-C charger? Ours walked off.
I01817,U0326,H021,workshop_attended,2026-04-01T23:26:57,
I01818,U0326,,comment,2025-10-12T12:56:28,Really liked that the results were announced with the score breakdown.
I01819,U0326,H021,discord_message,2026-03-28T22:45:14,"the api key rotated, new one is in the env file on the shared drive"
I01820,U0326,H009,workshop_attended,2024-12-17T12:39:32,
I01821,U0326,H009,question,2024-12-14T14:47:03,Are teams allowed to be four people or is three the cap this time?
I01822,U0326,H009,discord_message,2024-12-11T20:56:26,"the api key rotated, new one is in the env file on the shared drive"
I01823,U0327,H002,comment,2024-02-14T23:38:33,"Our demo broke live and we still placed, so do not panic if yours does."
I01824,U0327,,comment,2025-04-30T10:51:21,Anyone have a spare USB-C charger? Ours walked off.
I01825,U0327,H023,question,2026-07-04T17:11:08,What happens if our deployment goes down during judging?
I01826,U0327,,discord_message,2026-07-16T17:54:52,"pushing the fix now, pull before you touch the retrieval service"
I01827,U0327,H023,discord_message,2026-07-03T09:00:16,"demo script is in the shared doc, please read it before we rehearse"
I01828,U0327,,question,2024-05-13T20:18:40,Is there a template for the submission writeup anywhere?
I01829,U0327,H002,discord_message,2024-03-04T11:13:12,"last commit before freeze, do not push anything after this"
I01830,U0327,H022,answered_question,2026-05-29T09:07:54,Pre-existing repos are allowed if you declare them and the new work is clearly separable.
I01831,U0327,H016,profile_update,2025-08-21T16:27:20,
I01832,U0327,,profile_update,2025-02-24T10:26:25,
I01833,U0327,,question,2024-09-16T20:28:08,Are we expected to present on the main stage or at our table?
I01834,U0327,H023,comment,2026-07-09T18:54:20,Third hackathon here and the organisation keeps getting better.
I01835,U0327,,question,2024-06-15T08:14:36,Is the dataset they provided allowed to be augmented with external data?
I01836,U0327,H023,discord_message,2026-06-23T09:48:59,"moving our table to near the power outlets, we are at 22 now"
I01837,U0327,,discord_message,2023-12-21T19:48:00,"the api key rotated, new one is in the env file on the shared drive"
I01838,U0327,,question,2025-05-29T23:16:36,"How long do we get for the demo, including questions?"
I01839,U0327,H024,question,2026-08-22T22:58:35,Is there a template for the submission writeup anywhere?
I01840,U0327,H022,comment,2026-05-22T13:33:03,"If anyone is stuck on CORS with the workshop template, the fix is in the pinned message."
I01841,U0328,,comment,2026-03-15T15:10:41,"Reminder that the submission deadline is 6pm not 8pm, it changed on the Discord."
I01842,U0328,,answered_question,2026-06-28T10:48:49,You can augment the dataset as long as you declare the extra sources.
I01843,U0330,,comment,2025-02-13T18:36:25,"We pivoted at 3am and it was the right call, the first idea had no demo path."
I01844,U0330,H009,answered_question,2024-11-29T15:24:46,"The cap is four this time, it changed from last edition."
I01845,U0330,H009,comment,2024-12-05T14:25:14,"Judging felt fair this time, the rubric being published in advance helped a lot."
I01846,U0331,H007,profile_update,2024-09-14T08:56:48,
I01847,U0331,H007,discord_message,2024-09-24T12:10:26,"moving our table to near the power outlets, we are at 22 now"
I01848,U0331,H007,discord_message,2024-09-17T14:00:20,"last commit before freeze, do not push anything after this"
I01849,U0333,H017,question,2025-10-14T20:00:21,Do judges want to see the code or just the running product?
I01850,U0333,H017,discord_message,2025-09-25T20:41:24,"we are cutting the matchmaking feature, no time"
I01851,U0333,H017,workshop_attended,2025-09-29T13:32:21,
I01852,U0333,H012,comment,2025-03-25T15:38:04,Anyone have a spare USB-C charger? Ours walked off.
I01853,U0333,H012,discord_message,2025-03-11T12:58:19,can someone take screenshots for the submission while i fix the deploy
I01854,U0333,,comment,2026-05-05T15:36:56,Anyone else getting a 429 from the sponsor API? Third time in ten minutes.
I01855,U0333,H012,answered_question,2025-04-02T14:20:36,Fine-tuning is allowed. Two teams did it last year.
I01856,U0333,H012,answered_question,2025-03-23T09:51:22,"The cap is four this time, it changed from last edition."
I01857,U0334,H013,discord_message,2025-04-29T11:54:09,"found the bug, it was a timezone thing in the date parsing"
I01858,U0334,H003,question,2024-04-03T13:58:36,"What counts as ""using"" the sponsor tech for the prize track?"
I01859,U0334,H013,discord_message,2025-05-06T11:46:56,"demo script is in the shared doc, please read it before we rehearse"
I01860,U0334,H013,discord_message,2025-04-27T10:58:32,"moving our table to near the power outlets, we are at 22 now"
I01861,U0334,H013,question,2025-05-01T11:27:18,Is the dataset they provided allowed to be augmented with external data?
I01862,U0334,H013,profile_update,2025-05-22T20:13:22,
I01863,U0334,H013,question,2025-05-14T20:07:42,"What counts as ""using"" the sponsor tech for the prize track?"
I01864,U0335,H002,workshop_attended,2024-02-11T14:49:40,
I01865,U0335,,answered_question,2025-10-01T19:04:34,Pre-existing repos are allowed if you declare them and the new work is clearly separable.
I01866,U0335,,question,2025-02-11T17:30:08,"What counts as ""using"" the sponsor tech for the prize track?"
I01867,U0335,,comment,2024-01-24T11:10:20,"Great talk on vector databases, the part about hybrid retrieval was the useful bit."
I01868,U0336,,question,2024-11-01T22:20:12,Can one person be on two teams for different tracks?
I01869,U0336,H004,question,2024-05-24T23:47:44,Is there a template for the submission writeup anywhere?
I01870,U0336,H004,workshop_attended,2024-05-06T23:19:58,
I01871,U0336,H004,question,2024-06-01T20:49:03,What is the best way to handle auth for a demo that has to work offline?
I01872,U0336,H004,question,2024-05-27T11:25:09,Can we use a pre-existing repo as a starting point or does everything have to be written here?
I01873,U0336,H004,profile_update,2024-05-27T18:19:17,
I01874,U0337,H013,discord_message,2025-05-02T16:16:24,"i am taking the ingestion path, you take the UI, lets not touch the same files"
I01875,U0337,H013,question,2025-05-03T09:08:27,Is there a template for the submission writeup anywhere?
I01876,U0337,,answered_question,2026-08-13T09:13:16,"Yes, self-hosted counts for the prize track, it was confirmed on the Discord at 11am."
I01877,U0337,,discord_message,2025-05-22T20:16:00,"last commit before freeze, do not push anything after this"
I01878,U0337,H013,discord_message,2025-05-05T11:43:30,anyone awake? stuck on a merge conflict in the schema file
I01879,U0338,,workshop_attended,2026-01-15T12:23:32,
I01880,U0338,,workshop_attended,2024-12-11T09:05:24,
I01881,U0338,H015,discord_message,2025-07-31T10:43:49,"last commit before freeze, do not push anything after this"
I01882,U0338,H010,comment,2025-01-21T19:19:42,Anyone have a spare USB-C charger? Ours walked off.
I01883,U0338,,comment,2024-03-05T11:32:43,Finally got the deployment working. The build was failing because of a Node version mismatch.
I01884,U0338,H015,profile_update,2025-07-30T15:09:27,
I01885,U0338,H013,question,2025-05-11T09:50:35,"What counts as ""using"" the sponsor tech for the prize track?"
I01886,U0338,H015,workshop_attended,2025-07-14T17:38:39,
I01887,U0338,H016,profile_update,2025-09-10T08:18:56,
I01888,U0339,H012,answered_question,2025-03-29T11:51:51,Pre-existing repos are allowed if you declare them and the new work is clearly separable.
I01889,U0339,H002,profile_update,2024-03-07T17:08:57,
I01890,U0339,H012,comment,2025-03-26T11:06:12,Really liked that the results were announced with the score breakdown.
I01891,U0339,H012,discord_message,2025-03-24T14:10:31,"rehearsed twice, we are at 3:10 so we need to cut about twenty seconds"
I01892,U0339,H012,comment,2025-03-15T20:30:23,Coffee has run out on floor 2 for anyone planning their next hour around it.
I01893,U0340,,answered_question,2025-09-04T11:24:05,"The cap is four this time, it changed from last edition."
I01894,U0340,,answered_question,2024-05-30T18:21:39,The writeup template is linked in the pinned message on the announcements channel.
I01895,U0342,H018,workshop_attended,2025-11-13T10:08:03,
I01896,U0342,H018,discord_message,2025-11-12T22:04:00,"rehearsed twice, we are at 3:10 so we need to cut about twenty seconds"
I01897,U0342,H022,question,2026-06-01T12:50:01,What happens if our deployment goes down during judging?
I01898,U0342,H022,question,2026-05-10T08:34:40,Can we use a pre-existing repo as a starting point or does everything have to be written here?
I01899,U0343,H021,discord_message,2026-04-18T19:11:17,"i am taking the ingestion path, you take the UI, lets not touch the same files"
I01900,U0343,,discord_message,2026-02-08T11:11:29,"demo script is in the shared doc, please read it before we rehearse"
I01901,U0343,H021,discord_message,2026-04-16T17:37:29,"moving our table to near the power outlets, we are at 22 now"
I01902,U0343,,comment,2026-06-20T11:26:11,"We pivoted at 3am and it was the right call, the first idea had no demo path."
I01903,U0344,H011,answered_question,2025-02-01T15:18:59,"For offline auth just stub it and say so, nobody marks you down for that."
I01904,U0344,H017,discord_message,2025-10-07T09:08:19,"we are cutting the matchmaking feature, no time"
I01905,U0344,,comment,2025-08-04T23:49:05,"We pivoted at 3am and it was the right call, the first idea had no demo path."
I01906,U0344,H011,answered_question,2025-02-22T13:44:42,Rate limit is 60 requests per minute per key. Batch your calls.
I01907,U0344,H017,question,2025-10-01T19:49:22,"Is there a rate limit on the embeddings endpoint, and if so what is it?"
I01908,U0344,H017,answered_question,2025-10-12T11:54:07,Fine-tuning is allowed. Two teams did it last year.
I01909,U0344,H017,question,2025-09-25T09:10:10,What happens if our deployment goes down during judging?
I01910,U0344,H017,answered_question,2025-09-30T17:23:25,"Judges look at the running product first, code only if they have doubts."
I01911,U0345,,workshop_attended,2026-09-14T21:19:18,
I01912,U0345,H020,question,2026-02-13T08:26:47,"How long do we get for the demo, including questions?"
I01913,U0345,H013,comment,2025-05-07T15:25:18,"We pivoted at 3am and it was the right call, the first idea had no demo path."
I01914,U0345,H020,comment,2026-02-28T13:57:58,"The graph database workshop was much better than I expected, worth the hour."
I01915,U0345,H020,discord_message,2026-03-01T23:51:14,"moving our table to near the power outlets, we are at 22 now"
I01916,U0345,H020,comment,2026-02-05T19:38:23,"If anyone is stuck on CORS with the workshop template, the fix is in the pinned message."
I01917,U0345,H020,question,2026-02-17T20:41:33,What happens if our deployment goes down during judging?
I01918,U0345,H020,comment,2026-02-25T17:31:43,"Reminder that the submission deadline is 6pm not 8pm, it changed on the Discord."
I01919,U0346,H014,comment,2025-06-02T14:56:12,"Our team is two people short, DM me if you want to join a GenAI track build."
I01920,U0346,,question,2025-04-28T19:52:46,Is there a template for the submission writeup anywhere?
I01921,U0346,H014,question,2025-05-31T08:56:50,"How long do we get for the demo, including questions?"
I01922,U0346,,discord_message,2026-02-03T18:17:06,"i am taking the ingestion path, you take the UI, lets not touch the same files"
I01923,U0346,,answered_question,2025-08-22T12:41:43,The writeup template is linked in the pinned message on the announcements channel.
I01924,U0346,,question,2026-08-25T13:57:47,Can we use a pre-existing repo as a starting point or does everything have to be written here?
I01925,U0346,,question,2026-07-25T13:53:39,"What counts as ""using"" the sponsor tech for the prize track?"
I01926,U0346,H013,profile_update,2025-05-01T18:16:48,
I01927,U0347,H019,question,2026-01-16T16:13:49,Is there a template for the submission writeup anywhere?
I01928,U0347,H001,comment,2024-01-10T10:25:59,Does the sponsor prize require using their hosted version or is self-hosted fine?
I01929,U0347,,profile_update,2024-02-16T09:43:15,
I01930,U0347,H001,answered_question,2024-01-23T08:54:24,"Free tier handles that node count fine, but create your indexes before bulk loading."
I01931,U0347,H019,discord_message,2026-01-10T18:55:01,"moving our table to near the power outlets, we are at 22 now"
I01932,U0347,,discord_message,2024-02-04T15:21:01,can someone take screenshots for the submission while i fix the deploy
I01933,U0347,H019,discord_message,2025-12-26T10:12:58,"rehearsed twice, we are at 3:10 so we need to cut about twenty seconds"
I01934,U0349,H005,comment,2024-06-17T14:47:51,"If anyone is stuck on CORS with the workshop template, the fix is in the pinned message."
I01935,U0349,H005,discord_message,2024-06-13T12:59:36,"going to sleep for 90 minutes, ping me if the build breaks"
I01936,U0350,,workshop_attended,2026-09-17T23:48:32,
I01937,U0350,,question,2026-05-05T15:43:28,Are we expected to present on the main stage or at our table?
I01938,U0350,H023,discord_message,2026-07-10T11:11:00,"we are cutting the matchmaking feature, no time"
I01939,U0350,,answered_question,2026-06-12T17:29:12,The writeup template is linked in the pinned message on the announcements channel.
I01940,U0351,,answered_question,2025-12-30T10:38:32,"Yes, self-hosted counts for the prize track, it was confirmed on the Discord at 11am."
I01941,U0351,H009,workshop_attended,2024-12-08T18:43:47,
I01942,U0351,H008,discord_message,2024-11-04T18:37:32,"i am taking the ingestion path, you take the UI, lets not touch the same files"
I01943,U0351,,comment,2025-01-23T15:49:41,Anyone else getting a 429 from the sponsor API? Third time in ten minutes.
I01944,U0351,,profile_update,2026-01-02T22:30:05,
I01945,U0351,H008,question,2024-10-13T19:53:07,Can we use a pre-existing repo as a starting point or does everything have to be written here?
I01946,U0351,H009,comment,2024-11-27T15:07:36,"We pivoted at 3am and it was the right call, the first idea had no demo path."
I01947,U0351,H009,answered_question,2024-12-13T22:14:00,"Use a hotspot for the demo, the venue wifi drops under load every year."
I01948,U0351,H002,workshop_attended,2024-02-27T20:12:27,
I01949,U0351,,comment,2026-05-24T15:03:39,"We pivoted at 3am and it was the right call, the first idea had no demo path."
I01950,U0351,H009,comment,2024-12-14T09:27:53,"Our demo broke live and we still placed, so do not panic if yours does."
I01951,U0352,H009,question,2024-12-18T22:58:46,Do judges want to see the code or just the running product?
I01952,U0352,H009,discord_message,2024-12-08T09:36:25,anyone awake? stuck on a merge conflict in the schema file
I01953,U0352,,question,2025-10-05T21:22:55,Do judges want to see the code or just the running product?
I01954,U0352,H009,comment,2024-12-10T11:56:57,"We pivoted at 3am and it was the right call, the first idea had no demo path."
I01955,U0353,,workshop_attended,2024-03-04T14:58:16,
I01956,U0353,H015,comment,2025-07-26T14:26:18,Does the sponsor prize require using their hosted version or is self-hosted fine?
I01957,U0353,H015,workshop_attended,2025-07-29T15:34:37,
I01958,U0353,,question,2026-05-02T08:57:28,Can we use a pre-existing repo as a starting point or does everything have to be written here?
I01959,U0355,H002,answered_question,2024-03-07T18:39:48,Pre-existing repos are allowed if you declare them and the new work is clearly separable.
I01960,U0355,H013,question,2025-05-06T18:15:21,"What counts as ""using"" the sponsor tech for the prize track?"
I01961,U0355,H020,comment,2026-03-03T23:52:46,"Judging felt fair this time, the rubric being published in advance helped a lot."
I01962,U0355,H019,comment,2025-12-30T09:26:44,"We pivoted at 3am and it was the right call, the first idea had no demo path."
I01963,U0355,H020,discord_message,2026-02-06T21:47:47,anyone awake? stuck on a merge conflict in the schema file
I01964,U0355,,answered_question,2025-07-05T21:40:42,Pre-existing repos are allowed if you declare them and the new work is clearly separable.
I01965,U0356,H016,comment,2025-09-07T20:54:00,"Judging felt fair this time, the rubric being published in advance helped a lot."
I01966,U0356,H010,question,2024-12-28T21:42:08,Are we expected to present on the main stage or at our table?
I01967,U0356,H010,discord_message,2024-12-29T13:46:14,"going to sleep for 90 minutes, ping me if the build breaks"
I01968,U0356,,profile_update,2025-12-15T14:22:37,
I01969,U0356,H016,question,2025-09-03T17:44:11,Does anyone know if the AuraDB free tier can handle a few hundred thousand nodes?
I01970,U0356,H016,answered_question,2025-08-29T18:10:29,You get three minutes plus two for questions. They are strict about it.
I01971,U0356,H010,discord_message,2025-01-14T19:47:08,"found the bug, it was a timezone thing in the date parsing"
I01972,U0357,H018,comment,2025-11-09T12:05:25,"Great talk on vector databases, the part about hybrid retrieval was the useful bit."
I01973,U0357,H019,comment,2025-12-26T14:31:37,"Shout-out to whoever left the HDMI adapter at table 14, you saved our demo."
I01974,U0357,H018,profile_update,2025-11-14T19:41:03,
I01975,U0358,,question,2025-11-21T22:03:50,"What counts as ""using"" the sponsor tech for the prize track?"
I01976,U0358,H018,discord_message,2025-11-27T23:44:20,can someone take screenshots for the submission while i fix the deploy
I01977,U0358,H018,profile_update,2025-11-04T14:02:21,
I01978,U0358,H024,question,2026-08-19T09:46:42,Are teams allowed to be four people or is three the cap this time?
I01979,U0358,H024,profile_update,2026-08-21T19:33:08,
I01980,U0358,H024,question,2026-08-17T22:22:28,Is the dataset they provided allowed to be augmented with external data?
I01981,U0359,H001,question,2024-01-27T11:07:20,Does anyone know if the AuraDB free tier can handle a few hundred thousand nodes?
I01982,U0359,,discord_message,2025-05-12T17:26:42,"we are cutting the matchmaking feature, no time"
I01983,U0359,,question,2026-04-18T08:02:04,Can we use a pre-existing repo as a starting point or does everything have to be written here?
I01984,U0360,H012,comment,2025-04-05T12:00:22,"Our team is two people short, DM me if you want to join a GenAI track build."
I01985,U0360,H012,question,2025-03-18T09:44:51,Do judges want to see the code or just the running product?
I01986,U0360,H012,question,2025-03-13T13:28:00,Are we expected to present on the main stage or at our table?
I01987,U0360,H012,question,2025-03-23T18:01:05,Are teams allowed to be four people or is three the cap this time?
I01988,U0360,,comment,2025-04-21T22:09:04,Really liked that the results were announced with the score breakdown.
I01989,U0361,H017,answered_question,2025-10-15T17:31:02,"Use a hotspot for the demo, the venue wifi drops under load every year."
I01990,U0361,H007,discord_message,2024-09-24T17:09:22,"pushing the fix now, pull before you touch the retrieval service"
I01991,U0361,H007,answered_question,2024-09-13T16:31:45,"Yes, self-hosted counts for the prize track, it was confirmed on the Discord at 11am."
I01992,U0361,H017,comment,2025-10-03T13:48:21,Finally got the deployment working. The build was failing because of a Node version mismatch.
I01993,U0361,H017,discord_message,2025-10-07T13:01:06,"last commit before freeze, do not push anything after this"
I01994,U0361,,question,2025-04-09T19:53:11,Are teams allowed to be four people or is three the cap this time?
I01995,U0362,,discord_message,2026-07-27T15:07:41,"we are cutting the matchmaking feature, no time"
I01996,U0363,H013,comment,2025-04-26T14:14:27,"The graph database workshop was much better than I expected, worth the hour."
I01997,U0363,,comment,2024-06-27T08:57:42,"Our demo broke live and we still placed, so do not panic if yours does."
I01998,U0363,H013,workshop_attended,2025-05-07T12:59:08,
I01999,U0363,H004,comment,2024-05-21T12:50:10,Third hackathon here and the organisation keeps getting better.
I02000,U0363,,workshop_attended,2025-12-03T18:28:26,
I02001,U0363,H004,workshop_attended,2024-05-24T22:48:38,
I02002,U0363,H004,workshop_attended,2024-05-09T16:28:59,
I02003,U0363,H004,comment,2024-05-07T23:47:25,Finally got the deployment working. The build was failing because of a Node version mismatch.
I02004,U0364,H022,question,2026-05-07T10:00:12,Are we expected to present on the main stage or at our table?
I02005,U0364,,answered_question,2025-05-30T22:59:04,"Free tier handles that node count fine, but create your indexes before bulk loading."
I02006,U0364,H022,profile_update,2026-05-15T16:22:52,
I02007,U0365,H001,question,2024-01-09T13:46:36,Can one person be on two teams for different tracks?
I02008,U0365,,discord_message,2026-07-24T16:41:12,"we are cutting the matchmaking feature, no time"
I02009,U0365,,question,2026-07-28T20:40:12,Do judges want to see the code or just the running product?
I02010,U0365,H001,answered_question,2024-01-27T10:50:46,"The cap is four this time, it changed from last edition."
I02011,U0365,H001,discord_message,2024-01-23T23:19:30,"going to sleep for 90 minutes, ping me if the build breaks"
I02012,U0365,,comment,2024-08-12T16:58:02,Really liked that the results were announced with the score breakdown.
I02013,U0365,H009,question,2024-12-18T19:59:15,"How long do we get for the demo, including questions?"
I02014,U0365,,comment,2025-06-19T12:34:32,Third hackathon here and the organisation keeps getting better.
I02015,U0365,,workshop_attended,2024-08-01T13:13:37,
I02016,U0365,H012,question,2025-04-02T14:31:45,"How long do we get for the demo, including questions?"
I02017,U0365,H012,workshop_attended,2025-03-21T11:02:44,
I02018,U0365,H003,workshop_attended,2024-04-06T16:31:28,
I02019,U0365,H003,comment,2024-04-01T23:31:43,Anyone have a spare USB-C charger? Ours walked off.
I02020,U0365,H003,comment,2024-04-11T10:57:50,Coffee has run out on floor 2 for anyone planning their next hour around it.
I02021,U0365,H009,discord_message,2024-12-11T14:50:50,"the api key rotated, new one is in the env file on the shared drive"
I02022,U0366,H011,workshop_attended,2025-02-16T11:57:50,
I02023,U0366,,answered_question,2025-04-16T09:52:18,"Use a hotspot for the demo, the venue wifi drops under load every year."
I02024,U0366,H011,answered_question,2025-02-16T09:32:21,The writeup template is linked in the pinned message on the announcements channel.
I02025,U0366,H011,discord_message,2025-02-20T23:40:23,"pushing the fix now, pull before you touch the retrieval service"
I02026,U0366,,discord_message,2024-07-20T18:59:40,"going to sleep for 90 minutes, ping me if the build breaks"
I02027,U0366,,workshop_attended,2026-09-09T21:39:32,
I02028,U0367,H021,answered_question,2026-04-06T20:02:16,Fine-tuning is allowed. Two teams did it last year.
I02029,U0367,H016,profile_update,2025-09-10T10:47:57,
I02030,U0367,H015,comment,2025-08-02T23:41:36,"Judging felt fair this time, the rubric being published in advance helped a lot."
I02031,U0367,H015,comment,2025-07-22T10:45:05,Anyone have a spare USB-C charger? Ours walked off.
I02032,U0367,H015,profile_update,2025-07-10T23:22:45,
I02033,U0367,H015,comment,2025-07-15T23:27:35,"Our demo broke live and we still placed, so do not panic if yours does."
I02034,U0368,H012,workshop_attended,2025-03-19T14:12:31,
I02035,U0368,H012,discord_message,2025-03-26T11:42:49,anyone awake? stuck on a merge conflict in the schema file
I02036,U0368,H004,question,2024-05-21T21:51:28,Is the dataset they provided allowed to be augmented with external data?
I02037,U0368,H004,profile_update,2024-05-28T21:02:29,
I02038,U0368,H004,workshop_attended,2024-05-28T17:06:33,
I02039,U0368,H012,comment,2025-03-22T20:07:08,"Reminder that the submission deadline is 6pm not 8pm, it changed on the Discord."
I02040,U0368,H012,workshop_attended,2025-03-27T12:59:05,
I02041,U0368,H004,question,2024-05-18T18:06:46,Are teams allowed to be four people or is three the cap this time?
I02042,U0369,H005,comment,2024-06-29T18:19:09,"Great talk on vector databases, the part about hybrid retrieval was the useful bit."
I02043,U0369,H018,comment,2025-11-23T14:51:35,"Shout-out to whoever left the HDMI adapter at table 14, you saved our demo."
I02044,U0369,H004,discord_message,2024-05-08T15:01:05,"rehearsed twice, we are at 3:10 so we need to cut about twenty seconds"
I02045,U0369,H005,comment,2024-07-04T21:13:07,Third hackathon here and the organisation keeps getting better.
I02046,U0369,H005,question,2024-06-30T19:44:19,What happens if our deployment goes down during judging?
I02047,U0369,H004,question,2024-05-17T17:43:46,Can we use a pre-existing repo as a starting point or does everything have to be written here?
I02048,U0369,H018,workshop_attended,2025-11-25T19:52:39,
I02049,U0371,H006,question,2024-08-11T17:34:54,Are we expected to present on the main stage or at our table?
I02050,U0371,H024,workshop_attended,2026-07-25T20:23:38,
I02051,U0371,H013,discord_message,2025-05-20T11:10:57,"we are cutting the matchmaking feature, no time"
I02052,U0371,,discord_message,2026-09-15T16:57:24,"rehearsed twice, we are at 3:10 so we need to cut about twenty seconds"
I02053,U0371,H009,comment,2024-12-09T13:37:36,"The graph database workshop was much better than I expected, worth the hour."
I02054,U0371,,comment,2025-06-27T16:32:29,"If anyone is stuck on CORS with the workshop template, the fix is in the pinned message."
I02055,U0371,,comment,2024-12-20T21:28:32,"Great talk on vector databases, the part about hybrid retrieval was the useful bit."
I02056,U0371,H006,comment,2024-08-02T18:20:07,The mentor feedback on scoping was the single most useful thing this weekend.
I02057,U0371,H013,discord_message,2025-05-16T21:43:05,"we are cutting the matchmaking feature, no time"
I02058,U0371,H017,question,2025-10-01T22:51:46,Is there a template for the submission writeup anywhere?
I02059,U0371,,workshop_attended,2025-03-16T21:13:30,
I02060,U0372,H016,discord_message,2025-08-28T17:02:42,anyone awake? stuck on a merge conflict in the schema file
I02061,U0372,,workshop_attended,2025-11-26T17:02:22,
I02062,U0372,H016,discord_message,2025-09-07T14:25:22,"demo script is in the shared doc, please read it before we rehearse"
I02063,U0372,,comment,2025-09-16T15:53:14,The mentor feedback on scoping was the single most useful thing this weekend.
I02064,U0373,H007,discord_message,2024-09-02T16:04:47,anyone awake? stuck on a merge conflict in the schema file
I02065,U0373,H013,comment,2025-05-16T15:47:51,"Reminder that the submission deadline is 6pm not 8pm, it changed on the Discord."
I02066,U0373,,comment,2024-09-28T15:19:22,The mentor feedback on scoping was the single most useful thing this weekend.
I02067,U0373,H001,comment,2024-01-06T20:09:16,Really liked that the results were announced with the score breakdown.
I02068,U0373,H013,answered_question,2025-05-05T14:29:24,"Yes, self-hosted counts for the prize track, it was confirmed on the Discord at 11am."
I02069,U0373,H001,comment,2024-01-25T08:22:01,Anyone else getting a 429 from the sponsor API? Third time in ten minutes.
I02070,U0373,H001,profile_update,2024-01-26T15:55:41,
I02071,U0374,H019,question,2025-12-27T20:47:47,Can one person be on two teams for different tracks?
I02072,U0374,H018,workshop_attended,2025-11-14T09:45:26,
I02073,U0374,,profile_update,2025-11-08T16:33:53,
I02074,U0374,H018,answered_question,2025-11-30T09:12:58,"You can be on two teams but you can only win once, which they enforce."
I02075,U0374,,comment,2026-02-23T22:59:58,"If anyone is stuck on CORS with the workshop template, the fix is in the pinned message."
I02076,U0374,H018,comment,2025-11-14T11:38:14,"We pivoted at 3am and it was the right call, the first idea had no demo path."
I02077,U0374,H018,discord_message,2025-11-29T22:14:08,"rehearsed twice, we are at 3:10 so we need to cut about twenty seconds"
I02078,U0374,H018,answered_question,2025-11-18T09:33:46,Fine-tuning is allowed. Two teams did it last year.
I02079,U0374,,answered_question,2026-08-02T13:07:00,"Free tier handles that node count fine, but create your indexes before bulk loading."
I02080,U0374,H024,discord_message,2026-07-27T13:51:33,"the api key rotated, new one is in the env file on the shared drive"
I02081,U0374,H018,discord_message,2025-11-17T09:08:37,"pushing the fix now, pull before you touch the retrieval service"
I02082,U0375,,comment,2026-09-02T23:11:41,"Our demo broke live and we still placed, so do not panic if yours does."
I02083,U0375,H018,comment,2025-11-30T08:45:21,Anyone have a spare USB-C charger? Ours walked off.
I02084,U0375,,discord_message,2025-10-20T12:19:59,anyone awake? stuck on a merge conflict in the schema file
I02085,U0375,H018,workshop_attended,2025-11-28T16:31:21,
I02086,U0377,,discord_message,2025-08-05T21:20:51,"i am taking the ingestion path, you take the UI, lets not touch the same files"
I02087,U0378,H023,answered_question,2026-07-06T14:27:54,"You can be on two teams but you can only win once, which they enforce."
I02088,U0378,H013,discord_message,2025-05-05T16:25:37,"going to sleep for 90 minutes, ping me if the build breaks"
I02089,U0378,H013,profile_update,2025-05-18T08:39:00,
I02090,U0378,,question,2024-07-24T18:52:12,What is the best way to handle auth for a demo that has to work offline?
I02091,U0378,H023,workshop_attended,2026-06-26T19:55:54,
I02092,U0378,,question,2026-07-22T17:05:14,Do judges want to see the code or just the running product?
I02093,U0378,H006,answered_question,2024-07-29T11:05:13,Pre-existing repos are allowed if you declare them and the new work is clearly separable.
I02094,U0378,H023,answered_question,2026-07-15T21:16:35,"Yes, self-hosted counts for the prize track, it was confirmed on the Discord at 11am."
I02095,U0378,,discord_message,2025-04-30T22:11:38,"found the bug, it was a timezone thing in the date parsing"
I02096,U0378,,comment,2025-06-29T21:32:09,Anyone have a spare USB-C charger? Ours walked off.
I02097,U0379,H019,answered_question,2026-01-05T21:55:55,"For offline auth just stub it and say so, nobody marks you down for that."
I02098,U0379,H019,discord_message,2025-12-25T21:24:40,anyone awake? stuck on a merge conflict in the schema file
I02099,U0379,H019,workshop_attended,2025-12-27T14:34:21,
I02100,U0379,H019,comment,2025-12-30T20:25:28,Coffee has run out on floor 2 for anyone planning their next hour around it.
I02101,U0380,,discord_message,2026-08-22T21:52:16,"rehearsed twice, we are at 3:10 so we need to cut about twenty seconds"
I02102,U0380,H013,question,2025-05-10T22:13:48,"Is there a rate limit on the embeddings endpoint, and if so what is it?"
I02103,U0382,,comment,2024-05-13T15:52:34,"The graph database workshop was much better than I expected, worth the hour."
I02104,U0382,H005,profile_update,2024-06-17T20:30:47,
I02105,U0382,H004,question,2024-05-29T08:26:12,Is the dataset they provided allowed to be augmented with external data?
I02106,U0382,H024,question,2026-07-27T19:33:56,"What counts as ""using"" the sponsor tech for the prize track?"
I02107,U0382,H018,question,2025-11-21T18:00:23,"Is there a rate limit on the embeddings endpoint, and if so what is it?"
I02108,U0382,H002,discord_message,2024-02-12T08:33:40,"the api key rotated, new one is in the env file on the shared drive"
I02109,U0382,H018,comment,2025-11-15T17:33:31,Third hackathon here and the organisation keeps getting better.
I02110,U0382,,question,2026-08-20T17:29:04,Is there a template for the submission writeup anywhere?
I02111,U0385,H023,workshop_attended,2026-06-18T16:04:09,
I02112,U0385,H023,comment,2026-07-08T10:45:33,"If anyone is stuck on CORS with the workshop template, the fix is in the pinned message."
I02113,U0385,H023,question,2026-06-24T09:26:20,"What counts as ""using"" the sponsor tech for the prize track?"
I02114,U0385,H023,profile_update,2026-06-17T13:57:08,
I02115,U0385,,question,2025-06-03T08:14:50,"Is there a rate limit on the embeddings endpoint, and if so what is it?"
I02116,U0385,,discord_message,2025-06-30T16:19:10,"the api key rotated, new one is in the env file on the shared drive"
I02117,U0385,,discord_message,2024-09-20T14:06:20,"going to sleep for 90 minutes, ping me if the build breaks"
I02118,U0385,H007,comment,2024-09-24T14:49:06,"Reminder that the submission deadline is 6pm not 8pm, it changed on the Discord."
I02119,U0385,H007,discord_message,2024-09-13T10:03:44,"i am taking the ingestion path, you take the UI, lets not touch the same files"
I02120,U0385,,comment,2026-02-10T21:36:47,"Our demo broke live and we still placed, so do not panic if yours does."
I02121,U0386,H017,comment,2025-09-20T20:50:53,"Great talk on vector databases, the part about hybrid retrieval was the useful bit."
I02122,U0386,,question,2024-05-21T14:07:01,Can we use a pre-existing repo as a starting point or does everything have to be written here?
I02123,U0386,H004,question,2024-05-06T14:22:28,Is model fine-tuning allowed or is it inference only?
I02124,U0386,,discord_message,2025-07-18T15:55:32,"going to sleep for 90 minutes, ping me if the build breaks"
I02125,U0386,H017,comment,2025-10-09T09:55:18,Anyone else getting a 429 from the sponsor API? Third time in ten minutes.
I02126,U0386,,answered_question,2024-12-30T20:22:40,"You can be on two teams but you can only win once, which they enforce."
I02127,U0386,H017,answered_question,2025-09-27T09:27:19,"For offline auth just stub it and say so, nobody marks you down for that."
I02128,U0386,H020,question,2026-02-19T12:58:29,"What counts as ""using"" the sponsor tech for the prize track?"
I02129,U0386,,comment,2025-04-22T08:00:32,Coffee has run out on floor 2 for anyone planning their next hour around it.
I02130,U0386,,question,2026-09-14T21:33:00,"What counts as ""using"" the sponsor tech for the prize track?"
I02131,U0386,,answered_question,2026-02-28T14:15:04,Rate limit is 60 requests per minute per key. Batch your calls.
I02132,U0386,H020,comment,2026-02-13T13:01:17,"The graph database workshop was much better than I expected, worth the hour."
I02133,U0389,H008,comment,2024-10-16T10:44:44,Coffee has run out on floor 2 for anyone planning their next hour around it.
I02134,U0389,H008,workshop_attended,2024-10-11T19:33:11,
I02135,U0389,H008,workshop_attended,2024-11-03T16:31:36,
I02136,U0389,H008,question,2024-11-06T10:57:06,Can we use a pre-existing repo as a starting point or does everything have to be written here?
I02137,U0389,H008,question,2024-10-25T13:18:39,"What counts as ""using"" the sponsor tech for the prize track?"
I02138,U0389,H008,question,2024-10-17T12:43:12,"What counts as ""using"" the sponsor tech for the prize track?"
I02139,U0390,,workshop_attended,2026-04-21T16:15:33,
I02140,U0390,H018,question,2025-11-12T09:25:50,"How long do we get for the demo, including questions?"
I02141,U0390,H018,discord_message,2025-11-11T10:38:28,"found the bug, it was a timezone thing in the date parsing"
I02142,U0390,,discord_message,2026-09-17T08:09:20,"demo script is in the shared doc, please read it before we rehearse"
I02143,U0391,H013,profile_update,2025-05-04T19:24:46,
I02144,U0391,H013,question,2025-05-07T14:41:24,What is the best way to handle auth for a demo that has to work offline?
I02145,U0392,H005,comment,2024-07-03T08:41:52,"Judging felt fair this time, the rubric being published in advance helped a lot."
I02146,U0392,,workshop_attended,2025-04-24T20:28:50,
I02147,U0392,H012,workshop_attended,2025-03-21T22:26:20,
I02148,U0392,H012,comment,2025-03-20T08:57:23,"The wifi in hall B is unusable, switching to a hotspot if anyone wants to share."
I02149,U0392,H012,discord_message,2025-04-04T08:47:01,"moving our table to near the power outlets, we are at 22 now"
I02150,U0392,,discord_message,2025-09-01T09:30:01,"last commit before freeze, do not push anything after this"
I02151,U0392,H012,question,2025-03-11T18:15:19,Can one person be on two teams for different tracks?
I02152,U0392,,comment,2026-05-15T20:21:01,Coffee has run out on floor 2 for anyone planning their next hour around it.
I02153,U0395,H020,discord_message,2026-02-12T22:03:13,"the api key rotated, new one is in the env file on the shared drive"
I02154,U0395,H020,question,2026-02-25T08:05:44,"How long do we get for the demo, including questions?"
I02155,U0395,H020,comment,2026-03-02T17:08:45,The mentor feedback on scoping was the single most useful thing this weekend.
I02156,U0395,H020,comment,2026-02-08T15:22:26,Coffee has run out on floor 2 for anyone planning their next hour around it.
I02157,U0397,,comment,2026-08-21T13:42:51,"Shout-out to whoever left the HDMI adapter at table 14, you saved our demo."
I02158,U0398,,discord_message,2025-02-05T17:40:22,"we are cutting the matchmaking feature, no time"
I02159,U0398,H010,workshop_attended,2025-01-13T20:39:49,
I02160,U0398,H022,comment,2026-05-16T23:38:54,"Our team is two people short, DM me if you want to join a GenAI track build."
I02161,U0398,H022,discord_message,2026-05-31T10:05:00,"pushing the fix now, pull before you touch the retrieval service"
I02162,U0398,,discord_message,2025-06-01T09:03:21,can someone take screenshots for the submission while i fix the deploy
I02163,U0399,H019,profile_update,2026-01-04T17:15:37,
I02164,U0399,,comment,2026-08-09T13:27:21,Anyone have a spare USB-C charger? Ours walked off.
I02165,U0399,H018,comment,2025-12-01T12:01:06,"Judging felt fair this time, the rubric being published in advance helped a lot."
I02166,U0399,H018,comment,2025-11-11T13:26:37,"If anyone is stuck on CORS with the workshop template, the fix is in the pinned message."
I02167,U0399,H018,comment,2025-11-07T16:28:56,Really liked that the results were announced with the score breakdown.
I02168,U0399,,discord_message,2026-03-18T20:07:33,can someone take screenshots for the submission while i fix the deploy
I02169,U0400,H024,answered_question,2026-08-18T20:24:07,"You can be on two teams but you can only win once, which they enforce."
I02170,U0400,H001,discord_message,2024-01-05T17:08:50,"moving our table to near the power outlets, we are at 22 now"
I02171,U0400,H024,workshop_attended,2026-08-09T16:52:15,
I02172,U0400,,question,2025-01-31T17:11:21,"What counts as ""using"" the sponsor tech for the prize track?"
I02173,U0400,H007,question,2024-09-24T20:38:13,Is there a template for the submission writeup anywhere?
I02174,U0400,H001,discord_message,2024-01-24T20:55:46,"we are cutting the matchmaking feature, no time"
I02175,U0400,,discord_message,2024-09-08T21:19:02,"we are cutting the matchmaking feature, no time"
I02176,U0400,H007,discord_message,2024-09-01T10:57:55,"last commit before freeze, do not push anything after this"
I02177,U0400,H024,answered_question,2026-07-27T10:05:12,"For offline auth just stub it and say so, nobody marks you down for that."
I02178,U0400,H024,comment,2026-08-22T21:57:28,Anyone have a spare USB-C charger? Ours walked off.
I02179,U0400,H007,question,2024-09-09T13:56:02,What is the best way to handle auth for a demo that has to work offline?
I02180,U0400,H007,comment,2024-09-02T23:25:06,Finally got the deployment working. The build was failing because of a Node version mismatch.
I02181,U0401,H023,question,2026-06-27T08:47:38,Is model fine-tuning allowed or is it inference only?
I02182,U0401,H002,discord_message,2024-02-28T20:32:27,"rehearsed twice, we are at 3:10 so we need to cut about twenty seconds"
I02183,U0401,H023,comment,2026-07-11T23:06:00,"Great talk on vector databases, the part about hybrid retrieval was the useful bit."
I02184,U0401,H002,comment,2024-03-04T18:26:06,Coffee has run out on floor 2 for anyone planning their next hour around it.
I02185,U0401,,discord_message,2023-11-13T09:05:31,can someone take screenshots for the submission while i fix the deploy
I02186,U0402,H014,discord_message,2025-06-20T17:45:29,"last commit before freeze, do not push anything after this"
I02187,U0402,,question,2025-09-11T20:25:33,Can we use a pre-existing repo as a starting point or does everything have to be written here?
I02188,U0402,H014,discord_message,2025-06-18T16:08:20,"the api key rotated, new one is in the env file on the shared drive"
I02189,U0403,H009,question,2024-11-27T09:56:47,Can we use a pre-existing repo as a starting point or does everything have to be written here?
I02190,U0403,H009,question,2024-11-28T21:38:17,"How long do we get for the demo, including questions?"
I02191,U0403,H009,discord_message,2024-12-08T17:23:52,"we are cutting the matchmaking feature, no time"
I02192,U0403,H005,answered_question,2024-07-09T14:46:25,You get three minutes plus two for questions. They are strict about it.
I02193,U0403,H005,comment,2024-06-27T20:44:04,"The wifi in hall B is unusable, switching to a hotspot if anyone wants to share."
I02194,U0403,,workshop_attended,2025-03-20T08:58:30,
I02195,U0404,H022,question,2026-05-27T19:16:09,"How long do we get for the demo, including questions?"
I02196,U0404,H002,comment,2024-02-14T10:00:54,Does the sponsor prize require using their hosted version or is self-hosted fine?
I02197,U0404,H022,question,2026-05-31T23:06:50,Do judges want to see the code or just the running product?
I02198,U0404,,answered_question,2026-02-12T19:46:37,Fine-tuning is allowed. Two teams did it last year.
I02199,U0405,H002,comment,2024-02-17T23:39:48,"The wifi in hall B is unusable, switching to a hotspot if anyone wants to share."
I02200,U0405,H024,question,2026-08-03T08:51:41,Is the dataset they provided allowed to be augmented with external data?
I02201,U0405,H002,discord_message,2024-02-14T14:42:52,can someone take screenshots for the submission while i fix the deploy
I02202,U0405,H002,comment,2024-02-14T19:16:31,"Judging felt fair this time, the rubric being published in advance helped a lot."
I02203,U0405,,answered_question,2026-04-28T20:05:32,"For offline auth just stub it and say so, nobody marks you down for that."
I02204,U0405,,discord_message,2024-03-14T10:46:05,anyone awake? stuck on a merge conflict in the schema file
I02205,U0406,H002,comment,2024-02-16T23:08:20,Third hackathon here and the organisation keeps getting better.
I02206,U0406,,discord_message,2025-02-03T21:11:43,"i am taking the ingestion path, you take the UI, lets not touch the same files"
I02207,U0406,,question,2025-07-02T20:57:37,What happens if our deployment goes down during judging?
I02208,U0406,H002,question,2024-02-23T14:59:19,Is there a template for the submission writeup anywhere?
I02209,U0406,H002,answered_question,2024-03-01T13:35:08,"Judges look at the running product first, code only if they have doubts."
I02210,U0406,H002,discord_message,2024-02-19T09:37:56,anyone awake? stuck on a merge conflict in the schema file
I02211,U0407,H007,question,2024-09-10T16:15:20,Is there a template for the submission writeup anywhere?
I02212,U0407,H007,comment,2024-09-14T12:10:44,The mentor feedback on scoping was the single most useful thing this weekend.
I02213,U0407,H007,answered_question,2024-09-25T13:11:36,You can augment the dataset as long as you declare the extra sources.
I02214,U0407,,answered_question,2026-04-12T11:05:05,"For offline auth just stub it and say so, nobody marks you down for that."
I02215,U0407,H007,answered_question,2024-09-04T18:53:46,"Use a hotspot for the demo, the venue wifi drops under load every year."
I02216,U0408,H016,question,2025-08-28T20:24:56,Is model fine-tuning allowed or is it inference only?
I02217,U0408,H016,discord_message,2025-08-29T15:59:47,"i am taking the ingestion path, you take the UI, lets not touch the same files"
I02218,U0408,H014,workshop_attended,2025-06-23T21:23:19,
I02219,U0408,H007,comment,2024-09-13T08:14:54,Third hackathon here and the organisation keeps getting better.
I02220,U0408,,comment,2025-05-23T16:00:55,"Our demo broke live and we still placed, so do not panic if yours does."
I02221,U0408,,question,2024-08-18T13:17:17,Are teams allowed to be four people or is three the cap this time?
I02222,U0408,H014,question,2025-06-19T14:19:31,Can we use a pre-existing repo as a starting point or does everything have to be written here?
I02223,U0408,H007,comment,2024-09-12T23:36:02,"Our team is two people short, DM me if you want to join a GenAI track build."
I02224,U0409,H007,comment,2024-09-28T14:50:26,Anyone have a spare USB-C charger? Ours walked off.
I02225,U0409,,comment,2024-10-13T10:20:20,Anyone have a spare USB-C charger? Ours walked off.
I02226,U0410,H002,workshop_attended,2024-03-02T19:49:36,
I02227,U0410,H002,comment,2024-02-11T13:32:16,"Our demo broke live and we still placed, so do not panic if yours does."
I02228,U0410,H004,answered_question,2024-05-20T13:13:07,"Judges look at the running product first, code only if they have doubts."
I02229,U0410,,comment,2024-06-18T17:49:14,Coffee has run out on floor 2 for anyone planning their next hour around it.
I02230,U0410,H002,discord_message,2024-03-03T20:47:02,"last commit before freeze, do not push anything after this"
I02231,U0410,,answered_question,2024-07-04T21:27:41,Rate limit is 60 requests per minute per key. Batch your calls.
I02232,U0410,H002,comment,2024-02-13T08:40:58,"Reminder that the submission deadline is 6pm not 8pm, it changed on the Discord."
I02233,U0410,H010,answered_question,2025-01-10T20:18:03,"Judges look at the running product first, code only if they have doubts."
I02234,U0411,H001,workshop_attended,2024-01-01T08:50:55,
I02235,U0411,H003,comment,2024-04-08T16:32:27,"Great talk on vector databases, the part about hybrid retrieval was the useful bit."
I02236,U0411,H003,answered_question,2024-04-11T11:42:10,Fine-tuning is allowed. Two teams did it last year.
I02237,U0411,,answered_question,2024-04-10T17:15:23,"Free tier handles that node count fine, but create your indexes before bulk loading."
I02238,U0411,H001,answered_question,2024-01-21T20:00:29,"For offline auth just stub it and say so, nobody marks you down for that."
I02239,U0411,,question,2023-12-16T15:54:03,Does anyone know if the AuraDB free tier can handle a few hundred thousand nodes?
I02240,U0411,,comment,2024-12-28T16:26:56,Really liked that the results were announced with the score breakdown.
I02241,U0411,H001,question,2024-01-01T22:47:32,"Is there a rate limit on the embeddings endpoint, and if so what is it?"
I02242,U0411,,profile_update,2026-05-25T13:40:35,
I02243,U0412,H020,comment,2026-02-18T14:54:35,Coffee has run out on floor 2 for anyone planning their next hour around it.
I02244,U0412,,comment,2026-03-31T23:57:19,"Great talk on vector databases, the part about hybrid retrieval was the useful bit."
I02245,U0412,H020,discord_message,2026-02-24T23:29:14,"demo script is in the shared doc, please read it before we rehearse"
I02246,U0412,,workshop_attended,2026-06-03T11:24:43,
I02247,U0412,H020,discord_message,2026-02-28T12:31:41,can someone take screenshots for the submission while i fix the deploy
I02248,U0414,,question,2025-07-03T14:01:26,Is model fine-tuning allowed or is it inference only?
I02249,U0414,,comment,2025-04-25T11:48:53,"Great talk on vector databases, the part about hybrid retrieval was the useful bit."
I02250,U0414,H019,discord_message,2026-01-02T14:57:39,"we are cutting the matchmaking feature, no time"
I02251,U0414,,comment,2024-09-07T11:04:12,"Our team is two people short, DM me if you want to join a GenAI track build."
I02252,U0414,H019,discord_message,2026-01-04T10:28:25,"i am taking the ingestion path, you take the UI, lets not touch the same files"
I02253,U0415,,profile_update,2024-07-11T23:04:09,
I02254,U0416,H004,answered_question,2024-05-23T08:24:02,You can augment the dataset as long as you declare the extra sources.
I02255,U0416,,workshop_attended,2024-05-04T21:57:55,
I02256,U0416,,question,2026-06-18T21:04:20,Does anyone know if the AuraDB free tier can handle a few hundred thousand nodes?
I02257,U0416,H024,question,2026-08-14T08:07:33,"How long do we get for the demo, including questions?"
I02258,U0416,H023,comment,2026-06-21T11:54:27,Anyone else getting a 429 from the sponsor API? Third time in ten minutes.
I02259,U0416,H017,profile_update,2025-10-01T16:23:54,
I02260,U0417,H021,discord_message,2026-03-27T13:06:44,"i am taking the ingestion path, you take the UI, lets not touch the same files"
I02261,U0417,,discord_message,2025-07-18T23:50:40,can someone take screenshots for the submission while i fix the deploy
I02262,U0417,H021,comment,2026-04-19T19:25:38,Third hackathon here and the organisation keeps getting better.
I02263,U0417,H021,question,2026-04-08T10:54:43,Can we use a pre-existing repo as a starting point or does everything have to be written here?
I02264,U0417,H021,comment,2026-03-26T09:31:44,"If anyone is stuck on CORS with the workshop template, the fix is in the pinned message."
I02265,U0417,,discord_message,2026-01-11T23:38:13,"the api key rotated, new one is in the env file on the shared drive"
I02266,U0417,H019,profile_update,2025-12-22T19:51:12,
I02267,U0418,H022,discord_message,2026-05-13T17:13:56,"demo script is in the shared doc, please read it before we rehearse"
I02268,U0418,,comment,2026-04-14T11:24:08,Does the sponsor prize require using their hosted version or is self-hosted fine?
I02269,U0418,H022,answered_question,2026-05-19T10:31:08,"The cap is four this time, it changed from last edition."
I02270,U0418,,discord_message,2026-08-04T08:42:06,can someone take screenshots for the submission while i fix the deploy
I02271,U0419,H008,discord_message,2024-10-18T12:35:01,"pushing the fix now, pull before you touch the retrieval service"
I02272,U0419,H008,comment,2024-10-29T18:19:49,"Judging felt fair this time, the rubric being published in advance helped a lot."
I02273,U0419,H008,discord_message,2024-10-21T23:54:51,"rehearsed twice, we are at 3:10 so we need to cut about twenty seconds"
I02274,U0419,H008,discord_message,2024-10-17T10:40:14,"last commit before freeze, do not push anything after this"
I02275,U0420,H002,answered_question,2024-02-13T22:34:52,"Yes, self-hosted counts for the prize track, it was confirmed on the Discord at 11am."
I02276,U0420,H023,discord_message,2026-07-01T21:04:37,anyone awake? stuck on a merge conflict in the schema file
I02277,U0420,,comment,2025-07-11T18:20:17,"The graph database workshop was much better than I expected, worth the hour."
I02278,U0420,H013,question,2025-04-28T23:30:26,Do judges want to see the code or just the running product?
I02279,U0420,H002,question,2024-03-02T10:13:19,"Is there a rate limit on the embeddings endpoint, and if so what is it?"
I02280,U0420,H002,discord_message,2024-02-11T20:52:24,"rehearsed twice, we are at 3:10 so we need to cut about twenty seconds"
I02281,U0420,H020,answered_question,2026-02-19T14:41:04,"Use a hotspot for the demo, the venue wifi drops under load every year."
I02282,U0420,H017,answered_question,2025-10-06T18:11:06,You get three minutes plus two for questions. They are strict about it.
I02283,U0420,,discord_message,2026-02-27T18:35:50,"demo script is in the shared doc, please read it before we rehearse"
I02284,U0420,,comment,2025-01-20T18:52:01,"Shout-out to whoever left the HDMI adapter at table 14, you saved our demo."
I02285,U0420,H004,comment,2024-05-24T23:28:13,"The wifi in hall B is unusable, switching to a hotspot if anyone wants to share."
I02286,U0420,H005,question,2024-06-20T23:38:02,Can we use a pre-existing repo as a starting point or does everything have to be written here?
I02287,U0420,H008,comment,2024-10-26T12:38:05,Anyone have a spare USB-C charger? Ours walked off.
I02288,U0420,H008,comment,2024-10-16T17:34:56,Finally got the deployment working. The build was failing because of a Node version mismatch.
I02289,U0420,H020,question,2026-02-22T14:59:36,Can one person be on two teams for different tracks?
I02290,U0420,H004,comment,2024-05-12T20:38:02,"Our team is two people short, DM me if you want to join a GenAI track build."
I02291,U0420,H008,comment,2024-10-13T22:57:21,Coffee has run out on floor 2 for anyone planning their next hour around it.
I02292,U0420,H016,discord_message,2025-09-10T14:38:16,"pushing the fix now, pull before you touch the retrieval service"
I02293,U0420,,profile_update,2024-03-14T15:20:36,
I02294,U0420,,answered_question,2024-10-18T22:02:19,"The cap is four this time, it changed from last edition."
I02295,U0420,,question,2025-03-21T22:11:27,Can one person be on two teams for different tracks?
I02296,U0421,,question,2026-06-24T14:55:44,What is the best way to handle auth for a demo that has to work offline?
I02297,U0422,H004,comment,2024-06-01T08:30:39,"Our team is two people short, DM me if you want to join a GenAI track build."
I02298,U0422,,discord_message,2025-06-09T16:03:42,"rehearsed twice, we are at 3:10 so we need to cut about twenty seconds"
I02299,U0422,H004,discord_message,2024-06-01T12:43:24,"rehearsed twice, we are at 3:10 so we need to cut about twenty seconds"
I02300,U0422,H009,discord_message,2024-11-30T23:50:23,"we are cutting the matchmaking feature, no time"
I02301,U0422,H009,question,2024-11-23T16:25:50,Is model fine-tuning allowed or is it inference only?
I02302,U0422,H004,discord_message,2024-05-28T19:40:40,"going to sleep for 90 minutes, ping me if the build breaks"
I02303,U0422,,discord_message,2026-05-01T08:19:59,"i am taking the ingestion path, you take the UI, lets not touch the same files"
I02304,U0423,,profile_update,2026-04-15T17:27:24,
I02305,U0423,,question,2025-11-16T15:13:57,Can we use a pre-existing repo as a starting point or does everything have to be written here?
I02306,U0423,H013,comment,2025-04-28T20:43:30,"Shout-out to whoever left the HDMI adapter at table 14, you saved our demo."
I02307,U0423,H013,question,2025-05-02T20:31:59,Can one person be on two teams for different tracks?
I02308,U0423,H013,question,2025-05-06T08:08:23,Is model fine-tuning allowed or is it inference only?
I02309,U0423,,question,2025-10-30T14:43:05,"How long do we get for the demo, including questions?"
I02310,U0423,H018,profile_update,2025-11-05T14:53:23,
I02311,U0424,H010,workshop_attended,2025-01-24T18:29:56,
I02312,U0424,H012,answered_question,2025-03-18T23:53:31,"Yes, self-hosted counts for the prize track, it was confirmed on the Discord at 11am."
I02313,U0424,H012,discord_message,2025-04-05T17:32:14,"found the bug, it was a timezone thing in the date parsing"
I02314,U0424,H010,answered_question,2025-01-06T19:56:46,"Yes, self-hosted counts for the prize track, it was confirmed on the Discord at 11am."
I02315,U0424,H012,question,2025-03-30T22:04:45,Can we use a pre-existing repo as a starting point or does everything have to be written here?
I02316,U0425,,profile_update,2026-08-22T15:28:09,
I02317,U0425,H012,discord_message,2025-03-31T17:28:44,"moving our table to near the power outlets, we are at 22 now"
I02318,U0425,,discord_message,2026-01-09T18:44:18,"found the bug, it was a timezone thing in the date parsing"
I02319,U0426,H016,discord_message,2025-09-01T19:26:23,"found the bug, it was a timezone thing in the date parsing"
I02320,U0426,,question,2026-05-15T08:12:00,Are teams allowed to be four people or is three the cap this time?
I02321,U0426,,comment,2026-03-20T10:16:45,Coffee has run out on floor 2 for anyone planning their next hour around it.
I02322,U0426,H016,discord_message,2025-09-06T22:09:05,can someone take screenshots for the submission while i fix the deploy
I02323,U0428,H002,question,2024-02-18T10:44:38,Do judges want to see the code or just the running product?
I02324,U0428,,discord_message,2024-06-26T11:45:27,"last commit before freeze, do not push anything after this"
I02325,U0428,H002,comment,2024-02-29T11:53:35,"Our team is two people short, DM me if you want to join a GenAI track build."
I02326,U0428,,workshop_attended,2024-08-06T13:53:01,
I02327,U0428,H014,question,2025-05-30T11:46:17,Do judges want to see the code or just the running product?
I02328,U0428,H002,comment,2024-02-08T20:16:21,"The graph database workshop was much better than I expected, worth the hour."
I02329,U0429,H016,discord_message,2025-08-14T14:28:31,"last commit before freeze, do not push anything after this"
I02330,U0429,,question,2026-08-28T17:47:01,Is there a template for the submission writeup anywhere?
I02331,U0429,H016,profile_update,2025-08-14T10:00:36,
I02332,U0429,,comment,2026-06-30T10:34:55,"If anyone is stuck on CORS with the workshop template, the fix is in the pinned message."
I02333,U0430,H024,question,2026-07-29T20:26:07,What happens if our deployment goes down during judging?
I02334,U0430,,comment,2026-06-30T20:07:04,Third hackathon here and the organisation keeps getting better.
I02335,U0430,H024,answered_question,2026-08-15T22:45:29,"Judges look at the running product first, code only if they have doubts."
I02336,U0430,H024,comment,2026-08-10T22:54:02,"If anyone is stuck on CORS with the workshop template, the fix is in the pinned message."
I02337,U0430,H024,question,2026-07-28T18:00:05,"Is there a rate limit on the embeddings endpoint, and if so what is it?"
I02338,U0430,H024,discord_message,2026-07-26T22:38:49,"pushing the fix now, pull before you touch the retrieval service"
I02339,U0431,H022,question,2026-05-30T17:02:04,What happens if our deployment goes down during judging?
I02340,U0431,H006,comment,2024-07-28T08:18:08,Third hackathon here and the organisation keeps getting better.
I02341,U0431,H019,comment,2026-01-04T11:29:53,"Judging felt fair this time, the rubric being published in advance helped a lot."
I02342,U0431,,answered_question,2026-05-01T12:06:29,You get three minutes plus two for questions. They are strict about it.
I02343,U0431,,profile_update,2026-07-18T10:49:47,
I02344,U0431,H008,workshop_attended,2024-11-03T16:19:52,
I02345,U0431,H022,answered_question,2026-05-08T10:31:44,"The cap is four this time, it changed from last edition."
I02346,U0431,H006,discord_message,2024-08-06T15:12:40,can someone take screenshots for the submission while i fix the deploy
I02347,U0431,,discord_message,2025-11-24T08:34:54,"going to sleep for 90 minutes, ping me if the build breaks"
I02348,U0431,H019,workshop_attended,2026-01-07T11:26:17,
I02349,U0431,,profile_update,2025-01-29T17:30:49,
I02350,U0431,H019,answered_question,2025-12-27T22:17:44,"Judges look at the running product first, code only if they have doubts."
I02351,U0431,H022,question,2026-05-10T09:12:36,What happens if our deployment goes down during judging?
I02352,U0431,H005,comment,2024-07-02T10:59:23,"Shout-out to whoever left the HDMI adapter at table 14, you saved our demo."
I02353,U0431,H022,comment,2026-05-13T23:57:41,"Our demo broke live and we still placed, so do not panic if yours does."
I02354,U0431,H011,profile_update,2025-02-21T09:11:32,
I02355,U0431,H011,workshop_attended,2025-02-10T11:10:28,
I02356,U0431,H022,workshop_attended,2026-05-08T15:21:23,
I02357,U0431,H005,discord_message,2024-06-23T19:51:13,"i am taking the ingestion path, you take the UI, lets not touch the same files"
I02358,U0431,H019,profile_update,2026-01-15T23:55:24,
I02359,U0433,H010,question,2025-01-06T12:30:53,Are teams allowed to be four people or is three the cap this time?
I02360,U0433,H010,discord_message,2025-01-21T14:03:59,"the api key rotated, new one is in the env file on the shared drive"
I02361,U0433,H010,discord_message,2025-01-01T17:41:34,"pushing the fix now, pull before you touch the retrieval service"
I02362,U0433,H010,discord_message,2025-01-09T15:22:51,"demo script is in the shared doc, please read it before we rehearse"
I02363,U0434,H022,comment,2026-05-31T13:14:57,"Our demo broke live and we still placed, so do not panic if yours does."
I02364,U0434,H005,comment,2024-07-02T09:02:26,"The graph database workshop was much better than I expected, worth the hour."
I02365,U0434,H022,question,2026-06-01T09:46:58,Can one person be on two teams for different tracks?
I02366,U0434,,answered_question,2026-08-27T15:31:50,Pre-existing repos are allowed if you declare them and the new work is clearly separable.
I02367,U0434,H016,discord_message,2025-08-27T08:53:35,"found the bug, it was a timezone thing in the date parsing"
I02368,U0434,,question,2024-12-03T20:44:28,Is model fine-tuning allowed or is it inference only?
I02369,U0434,H020,question,2026-02-26T20:44:06,Are we expected to present on the main stage or at our table?
I02370,U0434,H020,answered_question,2026-02-26T19:39:19,Fine-tuning is allowed. Two teams did it last year.
I02371,U0434,H020,comment,2026-02-22T13:52:54,Anyone else getting a 429 from the sponsor API? Third time in ten minutes.
I02372,U0434,H009,comment,2024-11-24T22:10:01,"Great talk on vector databases, the part about hybrid retrieval was the useful bit."
I02373,U0434,H009,question,2024-11-29T19:44:08,Is the dataset they provided allowed to be augmented with external data?
I02374,U0435,H006,discord_message,2024-07-30T21:01:10,"we are cutting the matchmaking feature, no time"
I02375,U0435,H006,comment,2024-07-26T14:48:34,Coffee has run out on floor 2 for anyone planning their next hour around it.
I02376,U0435,,comment,2025-04-07T14:15:34,"Great talk on vector databases, the part about hybrid retrieval was the useful bit."
I02377,U0435,H020,question,2026-02-25T23:54:33,Do judges want to see the code or just the running product?
I02378,U0435,H020,answered_question,2026-03-04T10:45:22,"The cap is four this time, it changed from last edition."
I02379,U0435,,comment,2025-11-18T11:19:11,"Our team is two people short, DM me if you want to join a GenAI track build."
I02380,U0435,H020,workshop_attended,2026-02-07T19:43:45,
I02381,U0435,,comment,2025-10-09T20:51:28,Does the sponsor prize require using their hosted version or is self-hosted fine?
I02382,U0435,,question,2025-11-26T11:25:25,"How long do we get for the demo, including questions?"
I02383,U0435,H014,profile_update,2025-06-10T10:14:14,
I02384,U0436,,question,2026-02-21T09:12:11,Is there a template for the submission writeup anywhere?
I02385,U0436,H013,answered_question,2025-05-03T15:37:23,You get three minutes plus two for questions. They are strict about it.
I02386,U0436,H009,comment,2024-11-26T20:18:18,"Reminder that the submission deadline is 6pm not 8pm, it changed on the Discord."
I02387,U0436,H008,question,2024-11-07T19:35:33,Are teams allowed to be four people or is three the cap this time?
I02388,U0436,,comment,2025-04-10T21:34:53,Really liked that the results were announced with the score breakdown.
I02389,U0436,H022,discord_message,2026-05-29T12:21:36,"rehearsed twice, we are at 3:10 so we need to cut about twenty seconds"
I02390,U0436,,question,2025-05-05T22:48:27,Is model fine-tuning allowed or is it inference only?
I02391,U0436,H016,discord_message,2025-09-07T12:42:44,"pushing the fix now, pull before you touch the retrieval service"
I02392,U0436,H008,discord_message,2024-11-06T15:04:40,"i am taking the ingestion path, you take the UI, lets not touch the same files"
I02393,U0436,H022,comment,2026-05-12T13:48:48,Does the sponsor prize require using their hosted version or is self-hosted fine?
I02394,U0437,,comment,2025-06-03T23:53:50,Coffee has run out on floor 2 for anyone planning their next hour around it.
I02395,U0437,H006,discord_message,2024-07-27T08:19:15,"i am taking the ingestion path, you take the UI, lets not touch the same files"
I02396,U0437,,comment,2026-04-28T23:09:15,"Judging felt fair this time, the rubric being published in advance helped a lot."
I02397,U0437,H006,discord_message,2024-07-24T15:17:51,"going to sleep for 90 minutes, ping me if the build breaks"
I02398,U0437,H006,discord_message,2024-08-09T08:16:07,"found the bug, it was a timezone thing in the date parsing"
I02399,U0437,H008,comment,2024-10-30T16:46:46,Finally got the deployment working. The build was failing because of a Node version mismatch.
I02400,U0437,H006,workshop_attended,2024-08-21T10:35:55,
I02401,U0437,H008,discord_message,2024-11-04T19:49:37,"the api key rotated, new one is in the env file on the shared drive"
I02402,U0437,,discord_message,2024-11-27T20:26:37,"i am taking the ingestion path, you take the UI, lets not touch the same files"
I02403,U0439,H011,comment,2025-02-08T15:16:15,Anyone else getting a 429 from the sponsor API? Third time in ten minutes.
I02404,U0439,,discord_message,2026-08-21T17:58:46,"the api key rotated, new one is in the env file on the shared drive"
I02405,U0439,H011,comment,2025-02-24T10:14:07,Does the sponsor prize require using their hosted version or is self-hosted fine?
I02406,U0439,H011,question,2025-02-15T16:44:15,Does anyone know if the AuraDB free tier can handle a few hundred thousand nodes?
I02407,U0439,H011,answered_question,2025-02-24T12:14:49,"For offline auth just stub it and say so, nobody marks you down for that."
I02408,U0440,H007,discord_message,2024-09-17T18:01:51,"we are cutting the matchmaking feature, no time"
I02409,U0440,H007,answered_question,2024-09-24T15:50:12,"Judges look at the running product first, code only if they have doubts."
I02410,U0440,H007,workshop_attended,2024-09-02T14:46:18,
I02411,U0440,H007,discord_message,2024-09-05T15:32:39,"going to sleep for 90 minutes, ping me if the build breaks"
I02412,U0441,,discord_message,2026-08-09T15:05:05,"found the bug, it was a timezone thing in the date parsing"
I02413,U0441,,answered_question,2025-03-31T19:41:01,Pre-existing repos are allowed if you declare them and the new work is clearly separable.
I02414,U0441,,question,2025-11-01T22:34:05,"What counts as ""using"" the sponsor tech for the prize track?"
I02415,U0441,,question,2025-02-25T19:03:28,Do judges want to see the code or just the running product?
I02416,U0441,H008,discord_message,2024-10-29T21:22:44,"demo script is in the shared doc, please read it before we rehearse"
I02417,U0441,H007,comment,2024-09-17T17:13:08,"The graph database workshop was much better than I expected, worth the hour."
I02418,U0441,,question,2026-07-18T08:20:06,Does anyone know if the AuraDB free tier can handle a few hundred thousand nodes?
I02419,U0441,H008,answered_question,2024-10-18T23:43:23,"You can be on two teams but you can only win once, which they enforce."
I02420,U0441,H007,answered_question,2024-09-09T11:08:51,"Free tier handles that node count fine, but create your indexes before bulk loading."
I02421,U0441,H007,discord_message,2024-09-05T20:36:51,"demo script is in the shared doc, please read it before we rehearse"
I02422,U0441,,question,2024-07-15T20:33:23,What happens if our deployment goes down during judging?
I02423,U0441,H005,comment,2024-06-17T18:22:44,Anyone have a spare USB-C charger? Ours walked off.
I02424,U0441,H008,comment,2024-10-29T11:28:15,"The graph database workshop was much better than I expected, worth the hour."
I02425,U0441,H007,comment,2024-09-05T17:04:12,"If anyone is stuck on CORS with the workshop template, the fix is in the pinned message."
I02426,U0442,,comment,2025-03-02T15:26:36,"Shout-out to whoever left the HDMI adapter at table 14, you saved our demo."
I02427,U0442,H023,comment,2026-06-23T20:44:36,"Great talk on vector databases, the part about hybrid retrieval was the useful bit."
I02428,U0442,H001,profile_update,2023-12-30T10:39:38,
I02429,U0442,,comment,2024-09-08T10:40:20,Really liked that the results were announced with the score breakdown.
I02430,U0442,H001,profile_update,2024-01-02T09:05:47,
I02431,U0442,H023,comment,2026-06-17T17:44:50,"The graph database workshop was much better than I expected, worth the hour."
I02432,U0442,H008,question,2024-10-25T18:06:28,Is there a template for the submission writeup anywhere?
I02433,U0442,H008,workshop_attended,2024-10-21T20:24:20,
I02434,U0442,H001,question,2024-01-07T18:19:33,Are teams allowed to be four people or is three the cap this time?
I02435,U0442,H008,question,2024-11-01T23:05:15,Are teams allowed to be four people or is three the cap this time?
I02436,U0442,H008,answered_question,2024-10-27T19:20:03,"Judges look at the running product first, code only if they have doubts."
I02437,U0443,,comment,2024-11-29T16:47:18,"Great talk on vector databases, the part about hybrid retrieval was the useful bit."
I02438,U0443,,question,2024-09-12T20:45:33,"How long do we get for the demo, including questions?"
I02439,U0443,H003,discord_message,2024-04-01T08:25:13,"rehearsed twice, we are at 3:10 so we need to cut about twenty seconds"
I02440,U0443,,comment,2024-11-21T08:57:46,Third hackathon here and the organisation keeps getting better.
I02441,U0443,H011,question,2025-02-12T09:15:50,Is there a template for the submission writeup anywhere?
I02442,U0443,H003,discord_message,2024-04-15T15:26:16,"found the bug, it was a timezone thing in the date parsing"
I02443,U0443,H011,comment,2025-02-21T17:49:20,Does the sponsor prize require using their hosted version or is self-hosted fine?
I02444,U0443,H009,question,2024-12-17T17:16:33,"What counts as ""using"" the sponsor tech for the prize track?"
I02445,U0443,,comment,2025-12-29T12:18:14,"The graph database workshop was much better than I expected, worth the hour."
I02446,U0443,H001,answered_question,2024-01-25T23:07:27,You get three minutes plus two for questions. They are strict about it.
I02447,U0443,H013,question,2025-05-12T15:30:34,Are teams allowed to be four people or is three the cap this time?
I02448,U0443,H013,comment,2025-05-20T14:09:17,"Great talk on vector databases, the part about hybrid retrieval was the useful bit."
I02449,U0443,,discord_message,2025-08-27T10:54:48,"last commit before freeze, do not push anything after this"
I02450,U0443,H011,comment,2025-02-26T09:53:14,Anyone have a spare USB-C charger? Ours walked off.
I02451,U0443,H013,comment,2025-05-06T12:03:13,"Great talk on vector databases, the part about hybrid retrieval was the useful bit."
I02452,U0443,H001,answered_question,2024-01-18T11:03:20,The writeup template is linked in the pinned message on the announcements channel.
I02453,U0443,H011,question,2025-02-03T19:44:40,Are teams allowed to be four people or is three the cap this time?
I02454,U0443,H011,discord_message,2025-02-17T10:53:01,"found the bug, it was a timezone thing in the date parsing"
I02455,U0443,H015,discord_message,2025-07-10T15:30:53,can someone take screenshots for the submission while i fix the deploy
I02456,U0443,H003,discord_message,2024-04-11T18:59:02,can someone take screenshots for the submission while i fix the deploy
I02457,U0443,,question,2025-06-16T09:57:57,Is the dataset they provided allowed to be augmented with external data?
I02458,U0443,H007,question,2024-09-02T12:14:39,What is the best way to handle auth for a demo that has to work offline?
I02459,U0443,H013,profile_update,2025-05-04T13:57:17,
I02460,U0443,H009,comment,2024-11-21T19:21:55,"The graph database workshop was much better than I expected, worth the hour."
I02461,U0443,H007,discord_message,2024-09-25T09:14:47,"moving our table to near the power outlets, we are at 22 now"
I02462,U0443,H013,question,2025-05-01T17:43:11,Is model fine-tuning allowed or is it inference only?
I02463,U0443,H007,workshop_attended,2024-09-02T18:34:02,
I02464,U0444,H008,question,2024-10-23T16:51:50,What is the best way to handle auth for a demo that has to work offline?
I02465,U0444,,discord_message,2024-11-30T16:20:01,"pushing the fix now, pull before you touch the retrieval service"
I02466,U0444,H020,discord_message,2026-02-08T21:09:03,"last commit before freeze, do not push anything after this"
I02467,U0444,H020,discord_message,2026-02-25T17:48:15,"pushing the fix now, pull before you touch the retrieval service"
I02468,U0444,H020,discord_message,2026-02-20T13:37:16,"pushing the fix now, pull before you touch the retrieval service"
I02469,U0444,H008,discord_message,2024-10-26T17:14:51,"demo script is in the shared doc, please read it before we rehearse"
I02470,U0444,H020,question,2026-02-14T12:17:45,Can one person be on two teams for different tracks?
I02471,U0444,H008,answered_question,2024-11-01T15:59:45,Pre-existing repos are allowed if you declare them and the new work is clearly separable.
I02472,U0445,H013,answered_question,2025-05-07T11:16:29,Fine-tuning is allowed. Two teams did it last year.
I02473,U0445,H013,comment,2025-05-01T15:42:22,The mentor feedback on scoping was the single most useful thing this weekend.
I02474,U0445,H013,profile_update,2025-05-11T18:10:12,
I02475,U0445,,question,2026-03-01T10:37:08,"Is there a rate limit on the embeddings endpoint, and if so what is it?"
I02476,U0447,H019,discord_message,2026-01-15T08:39:18,"i am taking the ingestion path, you take the UI, lets not touch the same files"
I02477,U0447,H019,question,2026-01-01T14:54:26,Are teams allowed to be four people or is three the cap this time?
I02478,U0447,H019,question,2026-01-08T19:14:57,Can we use a pre-existing repo as a starting point or does everything have to be written here?
I02479,U0447,H019,comment,2026-01-12T12:39:24,Third hackathon here and the organisation keeps getting better.
I02480,U0447,,question,2026-01-08T19:51:50,Can we use a pre-existing repo as a starting point or does everything have to be written here?
I02481,U0448,,workshop_attended,2026-09-17T09:47:00,
I02482,U0448,,question,2026-08-21T14:01:17,"How long do we get for the demo, including questions?"
I02483,U0449,H019,workshop_attended,2025-12-28T19:33:39,
I02484,U0449,H019,question,2026-01-01T23:10:56,What is the best way to handle auth for a demo that has to work offline?
I02485,U0449,H019,profile_update,2025-12-24T20:00:00,
I02486,U0449,,discord_message,2025-08-27T13:28:01,"moving our table to near the power outlets, we are at 22 now"
I02487,U0449,H019,profile_update,2025-12-31T20:19:02,
I02488,U0450,H003,question,2024-04-02T14:24:45,Does anyone know if the AuraDB free tier can handle a few hundred thousand nodes?
I02489,U0450,,profile_update,2026-06-06T10:56:35,
I02490,U0450,H011,question,2025-02-06T18:17:05,"Is there a rate limit on the embeddings endpoint, and if so what is it?"
I02491,U0450,H021,comment,2026-03-29T19:46:39,"We pivoted at 3am and it was the right call, the first idea had no demo path."
I02492,U0450,H016,question,2025-08-22T13:21:05,"Is there a rate limit on the embeddings endpoint, and if so what is it?"
I02493,U0450,H011,discord_message,2025-02-25T20:53:01,"rehearsed twice, we are at 3:10 so we need to cut about twenty seconds"
I02494,U0450,H011,answered_question,2025-02-04T13:29:33,Rate limit is 60 requests per minute per key. Batch your calls.
I02495,U0450,H004,comment,2024-05-12T17:16:30,Coffee has run out on floor 2 for anyone planning their next hour around it.
I02496,U0450,H004,comment,2024-05-22T22:00:39,Does the sponsor prize require using their hosted version or is self-hosted fine?
I02497,U0450,H016,comment,2025-08-24T19:12:31,Third hackathon here and the organisation keeps getting better.
I02498,U0450,H009,discord_message,2024-12-09T21:03:09,can someone take screenshots for the submission while i fix the deploy
I02499,U0450,H004,workshop_attended,2024-05-26T20:42:31,
I02500,U0450,H021,discord_message,2026-03-25T15:14:21,"going to sleep for 90 minutes, ping me if the build breaks"
I02501,U0450,,question,2025-12-20T16:02:44,Are teams allowed to be four people or is three the cap this time?
I02502,U0450,,workshop_attended,2026-07-07T23:36:06,
I02503,U0450,,workshop_attended,2024-05-17T17:11:22,
I02504,U0450,H003,comment,2024-04-17T13:34:51,"Our team is two people short, DM me if you want to join a GenAI track build."
I02505,U0450,,comment,2026-07-14T12:49:23,The mentor feedback on scoping was the single most useful thing this weekend.
I02506,U0450,H021,profile_update,2026-04-17T16:58:07,
I02507,U0450,H003,comment,2024-04-02T22:56:39,Anyone else getting a 429 from the sponsor API? Third time in ten minutes.
I02508,U0450,,answered_question,2025-07-17T23:45:50,Fine-tuning is allowed. Two teams did it last year.
I02509,U0450,H016,profile_update,2025-09-05T16:07:13,
I02510,U0450,,workshop_attended,2026-02-19T18:07:50,
I02511,U0451,,discord_message,2026-08-06T15:33:44,can someone take screenshots for the submission while i fix the deploy
I02512,U0451,,workshop_attended,2026-05-28T11:43:55,
I02513,U0453,,workshop_attended,2024-07-28T14:37:39,
I02514,U0453,H006,comment,2024-08-15T10:48:25,Anyone else getting a 429 from the sponsor API? Third time in ten minutes.
I02515,U0453,H006,comment,2024-08-01T15:30:55,Anyone else getting a 429 from the sponsor API? Third time in ten minutes.
I02516,U0453,,comment,2026-08-01T17:32:34,"Shout-out to whoever left the HDMI adapter at table 14, you saved our demo."
I02517,U0455,H005,comment,2024-07-07T13:29:45,Anyone have a spare USB-C charger? Ours walked off.
I02518,U0455,H011,workshop_attended,2025-02-28T17:54:28,
I02519,U0455,,comment,2024-05-29T18:09:01,"The graph database workshop was much better than I expected, worth the hour."
I02520,U0455,,question,2025-10-02T22:03:32,Are teams allowed to be four people or is three the cap this time?
I02521,U0455,,answered_question,2026-02-03T18:41:03,"The cap is four this time, it changed from last edition."
I02522,U0456,H014,discord_message,2025-06-09T08:31:03,"pushing the fix now, pull before you touch the retrieval service"
I02523,U0456,,comment,2024-11-05T23:14:23,"If anyone is stuck on CORS with the workshop template, the fix is in the pinned message."
I02524,U0456,H014,discord_message,2025-06-16T17:53:56,"rehearsed twice, we are at 3:10 so we need to cut about twenty seconds"
I02525,U0456,H009,answered_question,2024-11-29T10:13:29,"Judges look at the running product first, code only if they have doubts."
I02526,U0456,,comment,2026-04-14T09:43:08,Anyone else getting a 429 from the sponsor API? Third time in ten minutes.
I02527,U0456,,profile_update,2024-09-21T16:53:08,
I02528,U0456,,discord_message,2023-11-15T13:28:23,"pushing the fix now, pull before you touch the retrieval service"
I02529,U0456,H008,profile_update,2024-11-07T19:07:40,
I02530,U0456,,question,2023-12-04T13:21:29,Is there a template for the submission writeup anywhere?
I02531,U0456,H008,profile_update,2024-11-02T19:40:24,
I02532,U0456,,comment,2026-06-06T15:49:04,Third hackathon here and the organisation keeps getting better.
I02533,U0456,H009,comment,2024-12-06T12:34:38,"The graph database workshop was much better than I expected, worth the hour."
I02534,U0456,H009,discord_message,2024-11-26T22:20:01,"last commit before freeze, do not push anything after this"
I02535,U0456,H009,discord_message,2024-12-07T09:03:03,"going to sleep for 90 minutes, ping me if the build breaks"
I02536,U0456,,workshop_attended,2023-12-04T20:51:16,
I02537,U0456,H009,question,2024-12-06T16:00:01,"What counts as ""using"" the sponsor tech for the prize track?"
I02538,U0456,H001,discord_message,2024-01-06T12:02:00,"demo script is in the shared doc, please read it before we rehearse"
I02539,U0456,H001,answered_question,2024-01-06T11:26:51,"The cap is four this time, it changed from last edition."
I02540,U0457,H014,comment,2025-06-08T13:53:02,"Great talk on vector databases, the part about hybrid retrieval was the useful bit."
I02541,U0457,H014,discord_message,2025-06-05T10:22:23,"we are cutting the matchmaking feature, no time"
I02542,U0457,,discord_message,2026-03-20T10:32:50,"rehearsed twice, we are at 3:10 so we need to cut about twenty seconds"
I02543,U0457,H009,comment,2024-12-13T19:41:00,"The graph database workshop was much better than I expected, worth the hour."
I02544,U0457,H009,profile_update,2024-11-23T18:14:34,
I02545,U0458,,answered_question,2026-02-11T13:04:15,You get three minutes plus two for questions. They are strict about it.
I02546,U0458,H014,answered_question,2025-06-21T11:34:25,Fine-tuning is allowed. Two teams did it last year.
I02547,U0458,,discord_message,2026-02-12T08:00:31,can someone take screenshots for the submission while i fix the deploy
I02548,U0458,H024,discord_message,2026-08-05T14:28:23,"the api key rotated, new one is in the env file on the shared drive"
I02549,U0458,,question,2025-03-31T21:42:09,Is model fine-tuning allowed or is it inference only?
I02550,U0458,H023,discord_message,2026-06-21T08:22:19,"moving our table to near the power outlets, we are at 22 now"
I02551,U0458,H023,question,2026-06-29T17:52:13,Can one person be on two teams for different tracks?
I02552,U0458,H024,comment,2026-07-26T08:46:33,"We pivoted at 3am and it was the right call, the first idea had no demo path."
I02553,U0458,H024,question,2026-08-20T15:55:11,Are teams allowed to be four people or is three the cap this time?
I02554,U0458,,discord_message,2025-04-01T20:48:15,"we are cutting the matchmaking feature, no time"
I02555,U0458,H024,discord_message,2026-08-14T23:36:29,"demo script is in the shared doc, please read it before we rehearse"
I02556,U0458,H001,profile_update,2024-01-14T16:27:42,
I02557,U0459,H011,question,2025-02-14T20:31:56,Is there a template for the submission writeup anywhere?
I02558,U0459,,question,2025-08-12T12:33:08,Can we use a pre-existing repo as a starting point or does everything have to be written here?
I02559,U0459,,discord_message,2026-08-06T14:14:07,"moving our table to near the power outlets, we are at 22 now"
I02560,U0459,,workshop_attended,2025-01-22T11:30:56,
I02561,U0460,H006,workshop_attended,2024-07-25T16:18:19,
I02562,U0460,H006,question,2024-08-17T23:57:26,"How long do we get for the demo, including questions?"
I02563,U0460,H006,question,2024-07-27T22:13:54,"How long do we get for the demo, including questions?"
I02564,U0460,H006,discord_message,2024-08-14T21:57:09,anyone awake? stuck on a merge conflict in the schema file
I02565,U0461,H002,discord_message,2024-02-20T10:54:44,"going to sleep for 90 minutes, ping me if the build breaks"
I02566,U0461,H002,comment,2024-02-29T11:55:15,Coffee has run out on floor 2 for anyone planning their next hour around it.
I02567,U0461,H002,workshop_attended,2024-02-26T09:34:48,
I02568,U0462,H005,comment,2024-06-26T14:44:10,"Great talk on vector databases, the part about hybrid retrieval was the useful bit."
I02569,U0462,H005,discord_message,2024-06-22T10:58:35,"moving our table to near the power outlets, we are at 22 now"
I02570,U0462,,workshop_attended,2026-04-16T09:24:08,
I02571,U0463,H022,comment,2026-05-18T10:13:47,"We pivoted at 3am and it was the right call, the first idea had no demo path."
I02572,U0463,H014,question,2025-06-21T11:03:56,Are we expected to present on the main stage or at our table?
I02573,U0463,H005,question,2024-06-13T11:09:55,Can we use a pre-existing repo as a starting point or does everything have to be written here?
I02574,U0463,H022,profile_update,2026-05-10T12:29:25,
I02575,U0463,H001,discord_message,2024-01-22T13:21:32,"the api key rotated, new one is in the env file on the shared drive"
I02576,U0463,H005,comment,2024-07-05T23:42:24,Anyone have a spare USB-C charger? Ours walked off.
I02577,U0463,,question,2025-01-20T10:56:39,"Is there a rate limit on the embeddings endpoint, and if so what is it?"
I02578,U0463,,answered_question,2025-07-24T19:23:13,"For offline auth just stub it and say so, nobody marks you down for that."
I02579,U0463,H018,question,2025-11-28T14:41:35,Is the dataset they provided allowed to be augmented with external data?
I02580,U0463,H018,comment,2025-11-27T16:49:34,The mentor feedback on scoping was the single most useful thing this weekend.
I02581,U0463,,question,2025-01-03T22:24:32,Is there a template for the submission writeup anywhere?
I02582,U0463,,discord_message,2023-11-23T14:43:02,"moving our table to near the power outlets, we are at 22 now"
I02583,U0463,H014,comment,2025-06-23T17:32:35,Third hackathon here and the organisation keeps getting better.
I02584,U0463,H010,discord_message,2025-01-19T22:46:49,"we are cutting the matchmaking feature, no time"
I02585,U0463,H005,answered_question,2024-07-07T20:44:12,The writeup template is linked in the pinned message on the announcements channel.
I02586,U0463,H001,comment,2024-01-27T09:11:03,"Our demo broke live and we still placed, so do not panic if yours does."
I02587,U0463,,profile_update,2023-12-03T20:14:16,
I02588,U0463,,profile_update,2024-11-22T20:26:35,
I02589,U0463,,discord_message,2025-12-25T18:44:46,"found the bug, it was a timezone thing in the date parsing"
I02590,U0463,H022,comment,2026-05-12T22:17:50,Really liked that the results were announced with the score breakdown.
I02591,U0464,,workshop_attended,2025-03-13T18:28:10,
I02592,U0464,,answered_question,2026-03-29T10:19:27,"For offline auth just stub it and say so, nobody marks you down for that."
I02593,U0464,H014,comment,2025-06-01T23:28:44,"Great talk on vector databases, the part about hybrid retrieval was the useful bit."
I02594,U0464,,comment,2026-08-15T14:30:56,Really liked that the results were announced with the score breakdown.
I02595,U0464,H008,discord_message,2024-11-05T15:00:15,"last commit before freeze, do not push anything after this"
I02596,U0464,H014,comment,2025-06-24T23:02:04,Anyone have a spare USB-C charger? Ours walked off.
I02597,U0464,,discord_message,2025-03-13T21:08:40,"rehearsed twice, we are at 3:10 so we need to cut about twenty seconds"
I02598,U0465,,answered_question,2025-12-15T08:44:43,"You can be on two teams but you can only win once, which they enforce."
I02599,U0465,H007,question,2024-09-11T12:55:19,Do judges want to see the code or just the running product?
I02600,U0465,H007,discord_message,2024-09-05T17:24:28,"going to sleep for 90 minutes, ping me if the build breaks"
I02601,U0468,H020,comment,2026-02-27T11:54:05,Anyone else getting a 429 from the sponsor API? Third time in ten minutes.
I02602,U0468,H020,comment,2026-02-26T11:06:13,Really liked that the results were announced with the score breakdown.
I02603,U0468,H022,comment,2026-05-29T10:02:16,"The wifi in hall B is unusable, switching to a hotspot if anyone wants to share."
I02604,U0468,H005,comment,2024-06-12T16:13:10,"Reminder that the submission deadline is 6pm not 8pm, it changed on the Discord."
I02605,U0468,H005,workshop_attended,2024-06-14T14:47:46,
I02606,U0468,H005,comment,2024-06-30T11:08:43,"Shout-out to whoever left the HDMI adapter at table 14, you saved our demo."
I02607,U0468,,discord_message,2024-06-20T16:37:25,can someone take screenshots for the submission while i fix the deploy
I02608,U0468,,question,2026-04-10T22:49:57,"Is there a rate limit on the embeddings endpoint, and if so what is it?"
I02609,U0468,H022,comment,2026-05-10T16:15:48,Really liked that the results were announced with the score breakdown.
I02610,U0469,H015,question,2025-07-27T17:11:50,"How long do we get for the demo, including questions?"
I02611,U0469,,discord_message,2025-08-31T14:51:59,"pushing the fix now, pull before you touch the retrieval service"
I02612,U0469,H015,workshop_attended,2025-08-04T17:04:15,
I02613,U0469,,question,2025-08-23T21:19:48,Do judges want to see the code or just the running product?
I02614,U0471,H002,question,2024-02-23T18:53:02,Are teams allowed to be four people or is three the cap this time?
I02615,U0471,,answered_question,2026-06-07T12:57:26,"Yes, self-hosted counts for the prize track, it was confirmed on the Discord at 11am."
I02616,U0471,H002,question,2024-02-14T17:37:08,What happens if our deployment goes down during judging?
I02617,U0471,,discord_message,2025-08-31T13:56:54,anyone awake? stuck on a merge conflict in the schema file
I02618,U0471,,comment,2025-10-01T14:12:26,"Our team is two people short, DM me if you want to join a GenAI track build."
I02619,U0472,H009,discord_message,2024-12-05T15:00:44,"going to sleep for 90 minutes, ping me if the build breaks"
I02620,U0472,,discord_message,2026-04-24T12:08:53,"rehearsed twice, we are at 3:10 so we need to cut about twenty seconds"
I02621,U0472,H009,profile_update,2024-12-12T17:10:58,
I02622,U0473,H013,question,2025-05-14T10:07:14,Are we expected to present on the main stage or at our table?
I02623,U0473,H013,comment,2025-04-30T19:03:54,"We pivoted at 3am and it was the right call, the first idea had no demo path."
I02624,U0473,H013,discord_message,2025-05-08T09:30:06,can someone take screenshots for the submission while i fix the deploy
I02625,U0473,H013,comment,2025-05-02T19:05:52,"The graph database workshop was much better than I expected, worth the hour."
I02626,U0474,H024,discord_message,2026-08-22T23:11:53,"we are cutting the matchmaking feature, no time"
I02627,U0474,H024,workshop_attended,2026-07-30T16:05:51,
I02628,U0474,,comment,2026-05-10T23:35:55,"We pivoted at 3am and it was the right call, the first idea had no demo path."
I02629,U0474,H024,question,2026-07-26T23:19:30,Are teams allowed to be four people or is three the cap this time?
I02630,U0474,H024,comment,2026-07-29T14:46:42,"Our team is two people short, DM me if you want to join a GenAI track build."
I02631,U0475,H018,comment,2025-11-24T20:17:36,Really liked that the results were announced with the score breakdown.
I02632,U0475,H013,discord_message,2025-05-23T09:22:23,anyone awake? stuck on a merge conflict in the schema file
I02633,U0475,H004,profile_update,2024-05-26T11:35:40,
I02634,U0475,H011,workshop_attended,2025-02-06T12:23:01,
I02635,U0475,,answered_question,2026-02-14T19:04:34,Pre-existing repos are allowed if you declare them and the new work is clearly separable.
I02636,U0476,H017,comment,2025-10-18T12:36:43,The mentor feedback on scoping was the single most useful thing this weekend.
I02637,U0476,H005,comment,2024-07-02T22:06:16,"The graph database workshop was much better than I expected, worth the hour."
I02638,U0476,,question,2026-08-16T20:45:53,"How long do we get for the demo, including questions?"
I02639,U0476,H017,answered_question,2025-10-03T14:13:30,"The cap is four this time, it changed from last edition."
I02640,U0476,H005,comment,2024-06-29T14:14:02,"Great talk on vector databases, the part about hybrid retrieval was the useful bit."
I02641,U0476,H005,profile_update,2024-06-18T22:56:56,
I02642,U0478,H009,discord_message,2024-12-15T11:55:16,"demo script is in the shared doc, please read it before we rehearse"
I02643,U0478,H009,comment,2024-12-01T18:40:48,"The wifi in hall B is unusable, switching to a hotspot if anyone wants to share."
I02644,U0478,H009,question,2024-11-29T13:37:33,Is model fine-tuning allowed or is it inference only?
I02645,U0478,H009,comment,2024-11-30T19:19:14,Finally got the deployment working. The build was failing because of a Node version mismatch.
I02646,U0479,H007,workshop_attended,2024-09-06T13:28:31,
I02647,U0479,H007,profile_update,2024-09-17T21:06:06,
I02648,U0479,,profile_update,2026-09-09T22:32:37,
I02649,U0479,H007,answered_question,2024-09-16T18:13:02,Rate limit is 60 requests per minute per key. Batch your calls.
I02650,U0480,,answered_question,2024-07-11T12:00:04,"Yes, self-hosted counts for the prize track, it was confirmed on the Discord at 11am."
I02651,U0480,,comment,2025-02-06T19:44:31,The mentor feedback on scoping was the single most useful thing this weekend.
I02652,U0480,,comment,2026-05-20T16:05:01,Does the sponsor prize require using their hosted version or is self-hosted fine?
I02653,U0480,H010,workshop_attended,2025-01-04T17:46:46,
I02654,U0480,H001,comment,2024-01-05T11:00:44,"The wifi in hall B is unusable, switching to a hotspot if anyone wants to share."
I02655,U0480,,discord_message,2026-06-09T11:14:25,"demo script is in the shared doc, please read it before we rehearse"
I02656,U0480,H001,comment,2024-01-01T10:58:20,"Our demo broke live and we still placed, so do not panic if yours does."
I02657,U0480,,comment,2023-11-19T10:17:53,Coffee has run out on floor 2 for anyone planning their next hour around it.
I02658,U0480,H010,comment,2025-01-21T16:09:15,Really liked that the results were announced with the score breakdown.
I02659,U0480,,comment,2023-11-26T15:00:36,Third hackathon here and the organisation keeps getting better.
I02660,U0481,H022,comment,2026-06-04T10:32:29,Anyone else getting a 429 from the sponsor API? Third time in ten minutes.
I02661,U0481,H022,workshop_attended,2026-05-08T13:15:12,
I02662,U0482,H009,workshop_attended,2024-12-10T16:39:17,
I02663,U0482,,discord_message,2026-02-10T12:37:04,"found the bug, it was a timezone thing in the date parsing"
I02664,U0482,,answered_question,2025-07-04T10:40:01,"Free tier handles that node count fine, but create your indexes before bulk loading."
I02665,U0482,H009,comment,2024-12-09T19:34:53,Does the sponsor prize require using their hosted version or is self-hosted fine?
I02666,U0483,H012,workshop_attended,2025-04-01T15:36:48,
I02667,U0483,,question,2026-08-29T17:19:54,Is the dataset they provided allowed to be augmented with external data?
I02668,U0483,,answered_question,2025-07-30T21:00:56,"For offline auth just stub it and say so, nobody marks you down for that."
I02669,U0483,H012,discord_message,2025-03-17T09:25:10,"demo script is in the shared doc, please read it before we rehearse"
I02670,U0487,,answered_question,2025-05-07T23:12:53,"Yes, self-hosted counts for the prize track, it was confirmed on the Discord at 11am."
I02671,U0487,H006,comment,2024-08-19T19:30:07,Really liked that the results were announced with the score breakdown.
I02672,U0487,,discord_message,2025-08-16T14:28:26,"going to sleep for 90 minutes, ping me if the build breaks"
I02673,U0487,H020,profile_update,2026-02-24T13:17:13,
I02674,U0487,,discord_message,2026-05-19T13:51:13,can someone take screenshots for the submission while i fix the deploy
I02675,U0488,H024,answered_question,2026-08-17T23:08:58,"Judges look at the running product first, code only if they have doubts."
I02676,U0488,,discord_message,2026-05-04T12:40:56,"pushing the fix now, pull before you touch the retrieval service"
I02677,U0488,,question,2026-05-31T13:48:59,"What counts as ""using"" the sponsor tech for the prize track?"
I02678,U0488,H011,question,2025-02-13T16:51:16,What happens if our deployment goes down during judging?
I02679,U0488,H023,question,2026-07-05T14:28:49,"What counts as ""using"" the sponsor tech for the prize track?"
I02680,U0488,H011,question,2025-02-05T14:32:06,Is the dataset they provided allowed to be augmented with external data?
I02681,U0488,H011,comment,2025-02-18T21:17:35,"Our team is two people short, DM me if you want to join a GenAI track build."
I02682,U0488,H011,question,2025-02-15T10:46:41,What happens if our deployment goes down during judging?
I02683,U0488,H023,discord_message,2026-07-05T21:11:38,"found the bug, it was a timezone thing in the date parsing"
I02684,U0488,H024,answered_question,2026-08-13T19:43:03,"For offline auth just stub it and say so, nobody marks you down for that."
I02685,U0488,,discord_message,2025-08-09T11:28:36,"pushing the fix now, pull before you touch the retrieval service"
I02686,U0489,,discord_message,2026-08-04T13:50:04,"i am taking the ingestion path, you take the UI, lets not touch the same files"
I02687,U0489,,answered_question,2026-09-15T22:32:44,"Use a hotspot for the demo, the venue wifi drops under load every year."
I02688,U0489,,question,2026-06-05T22:51:51,Does anyone know if the AuraDB free tier can handle a few hundred thousand nodes?
I02689,U0490,H022,workshop_attended,2026-05-13T10:31:44,
I02690,U0490,H022,comment,2026-05-08T19:56:56,"Reminder that the submission deadline is 6pm not 8pm, it changed on the Discord."
I02691,U0490,,discord_message,2024-03-17T20:51:40,"we are cutting the matchmaking feature, no time"
I02692,U0490,H022,discord_message,2026-05-11T13:22:51,"i am taking the ingestion path, you take the UI, lets not touch the same files"
I02693,U0490,H022,workshop_attended,2026-05-13T23:54:47,
I02694,U0490,H022,comment,2026-05-13T17:04:27,Third hackathon here and the organisation keeps getting better.
I02695,U0490,H002,comment,2024-03-07T09:41:47,"If anyone is stuck on CORS with the workshop template, the fix is in the pinned message."
I02696,U0490,H002,discord_message,2024-02-20T20:05:34,anyone awake? stuck on a merge conflict in the schema file
I02697,U0490,H022,question,2026-06-04T11:59:30,Do judges want to see the code or just the running product?
I02698,U0492,H008,answered_question,2024-10-31T08:54:39,"You can be on two teams but you can only win once, which they enforce."
I02699,U0492,,comment,2025-11-12T11:53:55,"Shout-out to whoever left the HDMI adapter at table 14, you saved our demo."
I02700,U0492,,question,2026-06-02T16:00:08,What is the best way to handle auth for a demo that has to work offline?
I02701,U0492,H008,answered_question,2024-10-30T09:24:33,"You can be on two teams but you can only win once, which they enforce."
I02702,U0493,,comment,2026-03-15T09:31:17,Anyone else getting a 429 from the sponsor API? Third time in ten minutes.
I02703,U0493,,answered_question,2026-06-15T11:18:15,"You can be on two teams but you can only win once, which they enforce."
I02704,U0493,H016,workshop_attended,2025-08-29T21:08:21,
I02705,U0493,,answered_question,2025-10-12T10:32:14,"Yes, self-hosted counts for the prize track, it was confirmed on the Discord at 11am."
I02706,U0493,H016,comment,2025-08-20T23:37:48,Anyone have a spare USB-C charger? Ours walked off.
I02707,U0494,H011,discord_message,2025-02-08T17:22:18,"last commit before freeze, do not push anything after this"
I02708,U0494,H018,comment,2025-11-07T08:14:38,"Our team is two people short, DM me if you want to join a GenAI track build."
I02709,U0494,H023,workshop_attended,2026-06-28T19:22:32,
I02710,U0494,,profile_update,2026-02-19T19:20:21,
I02711,U0494,H018,answered_question,2025-11-05T10:51:11,"Free tier handles that node count fine, but create your indexes before bulk loading."
I02712,U0494,,question,2024-05-27T12:56:08,"Is there a rate limit on the embeddings endpoint, and if so what is it?"
I02713,U0494,H010,profile_update,2025-01-22T16:23:21,
I02714,U0494,H023,question,2026-07-06T22:20:16,"What counts as ""using"" the sponsor tech for the prize track?"
I02715,U0494,,workshop_attended,2024-12-28T23:06:30,
I02716,U0494,,answered_question,2025-10-09T23:46:46,"Judges look at the running product first, code only if they have doubts."
I02717,U0494,H006,comment,2024-08-09T09:48:14,"We pivoted at 3am and it was the right call, the first idea had no demo path."
I02718,U0494,H011,comment,2025-02-04T23:57:05,Third hackathon here and the organisation keeps getting better.
I02719,U0494,H023,discord_message,2026-07-14T15:08:57,"going to sleep for 90 minutes, ping me if the build breaks"
I02720,U0495,,question,2024-11-10T20:52:27,Are we expected to present on the main stage or at our table?
I02721,U0495,H007,comment,2024-09-06T11:53:59,"Judging felt fair this time, the rubric being published in advance helped a lot."
I02722,U0495,H007,comment,2024-09-16T14:54:13,"Reminder that the submission deadline is 6pm not 8pm, it changed on the Discord."
I02723,U0495,H021,answered_question,2026-03-24T12:08:11,"Free tier handles that node count fine, but create your indexes before bulk loading."
I02724,U0495,,profile_update,2025-06-17T12:40:12,
I02725,U0495,H006,answered_question,2024-08-19T21:04:28,"Use a hotspot for the demo, the venue wifi drops under load every year."
I02726,U0495,H021,comment,2026-04-13T14:21:04,The mentor feedback on scoping was the single most useful thing this weekend.
I02727,U0498,,answered_question,2025-09-26T14:17:54,Fine-tuning is allowed. Two teams did it last year.
I02728,U0498,,question,2026-04-01T08:09:44,"What counts as ""using"" the sponsor tech for the prize track?"
I02729,U0498,H012,answered_question,2025-03-12T19:04:02,"Free tier handles that node count fine, but create your indexes before bulk loading."
I02730,U0500,H011,workshop_attended,2025-02-28T13:31:58,
I02731,U0500,,answered_question,2025-11-08T18:43:27,Pre-existing repos are allowed if you declare them and the new work is clearly separable.
I02732,U0500,,workshop_attended,2024-11-16T17:31:33,
I02733,U0500,H002,discord_message,2024-02-18T21:40:51,"found the bug, it was a timezone thing in the date parsing"
I02734,U0501,H002,discord_message,2024-02-15T23:35:37,"rehearsed twice, we are at 3:10 so we need to cut about twenty seconds"
I02735,U0501,H002,answered_question,2024-03-02T10:53:43,Fine-tuning is allowed. Two teams did it last year.
I02736,U0501,H002,question,2024-03-07T17:11:39,Is the dataset they provided allowed to be augmented with external data?
I02737,U0502,,discord_message,2025-12-28T22:22:35,"going to sleep for 90 minutes, ping me if the build breaks"
I02738,U0502,H002,discord_message,2024-02-25T19:21:59,"last commit before freeze, do not push anything after this"
I02739,U0502,H002,comment,2024-03-06T20:15:27,Finally got the deployment working. The build was failing because of a Node version mismatch.
I02740,U0502,H002,answered_question,2024-02-19T13:39:30,You get three minutes plus two for questions. They are strict about it.
I02741,U0502,H017,comment,2025-09-20T11:01:55,Coffee has run out on floor 2 for anyone planning their next hour around it.
I02742,U0502,H017,discord_message,2025-09-23T18:08:37,anyone awake? stuck on a merge conflict in the schema file
I02743,U0504,H004,question,2024-05-24T08:30:04,Is there a template for the submission writeup anywhere?
I02744,U0504,H019,comment,2025-12-25T21:49:27,"We pivoted at 3am and it was the right call, the first idea had no demo path."
I02745,U0504,H005,comment,2024-07-06T15:25:26,Really liked that the results were announced with the score breakdown.
I02746,U0504,H019,comment,2025-12-25T21:29:50,"The wifi in hall B is unusable, switching to a hotspot if anyone wants to share."
I02747,U0504,,comment,2025-10-06T21:01:06,"Our team is two people short, DM me if you want to join a GenAI track build."
I02748,U0504,H023,workshop_attended,2026-06-19T09:40:31,
I02749,U0505,,discord_message,2024-06-21T17:38:20,"pushing the fix now, pull before you touch the retrieval service"
I02750,U0505,H006,discord_message,2024-08-21T09:40:57,"the api key rotated, new one is in the env file on the shared drive"
I02751,U0506,,comment,2025-02-27T18:30:22,Anyone have a spare USB-C charger? Ours walked off.
I02752,U0506,,question,2025-01-29T09:43:32,Is model fine-tuning allowed or is it inference only?
I02753,U0507,H001,comment,2024-01-17T17:45:14,"Shout-out to whoever left the HDMI adapter at table 14, you saved our demo."
I02754,U0507,H001,question,2024-01-24T23:42:25,Does anyone know if the AuraDB free tier can handle a few hundred thousand nodes?
I02755,U0507,H001,question,2024-01-13T19:52:22,"What counts as ""using"" the sponsor tech for the prize track?"
I02756,U0507,,question,2026-06-17T20:14:27,Are teams allowed to be four people or is three the cap this time?
I02757,U0507,,workshop_attended,2026-07-25T16:02:01,
I02758,U0507,H003,profile_update,2024-04-16T12:24:28,
I02759,U0507,H001,workshop_attended,2024-01-06T12:41:10,
I02760,U0507,,discord_message,2023-12-25T20:20:18,"going to sleep for 90 minutes, ping me if the build breaks"
I02761,U0507,,question,2026-06-12T20:06:01,Is there a template for the submission writeup anywhere?
I02762,U0509,,discord_message,2026-06-11T15:21:25,"found the bug, it was a timezone thing in the date parsing"
I02763,U0509,,discord_message,2026-07-29T23:09:54,"found the bug, it was a timezone thing in the date parsing"
I02764,U0510,H006,answered_question,2024-08-08T20:06:51,"Use a hotspot for the demo, the venue wifi drops under load every year."
I02765,U0510,H006,answered_question,2024-08-17T09:21:25,Rate limit is 60 requests per minute per key. Batch your calls.
I02766,U0510,,discord_message,2024-06-05T21:53:25,"moving our table to near the power outlets, we are at 22 now"
I02767,U0510,H006,profile_update,2024-08-06T10:22:45,
I02768,U0511,H006,workshop_attended,2024-08-14T09:59:14,
I02769,U0511,,answered_question,2025-09-02T17:31:51,"You can be on two teams but you can only win once, which they enforce."
I02770,U0511,H015,comment,2025-07-07T22:23:32,"Great talk on vector databases, the part about hybrid retrieval was the useful bit."
I02771,U0511,H015,comment,2025-07-31T22:44:45,Finally got the deployment working. The build was failing because of a Node version mismatch.
I02772,U0511,H006,answered_question,2024-08-02T14:08:27,"For offline auth just stub it and say so, nobody marks you down for that."
I02773,U0511,,answered_question,2025-12-29T12:50:34,"Free tier handles that node count fine, but create your indexes before bulk loading."
I02774,U0511,,comment,2025-05-06T16:56:16,"The wifi in hall B is unusable, switching to a hotspot if anyone wants to share."
I02775,U0512,H020,comment,2026-02-23T16:36:18,"We pivoted at 3am and it was the right call, the first idea had no demo path."
I02776,U0512,H020,discord_message,2026-02-15T11:45:48,"the api key rotated, new one is in the env file on the shared drive"
I02777,U0512,H009,answered_question,2024-12-02T10:56:49,"Use a hotspot for the demo, the venue wifi drops under load every year."
I02778,U0512,,question,2025-10-21T19:18:33,Can one person be on two teams for different tracks?
I02779,U0512,H011,comment,2025-02-09T22:20:46,The mentor feedback on scoping was the single most useful thing this weekend.
I02780,U0512,H012,question,2025-04-03T14:40:10,Is there a template for the submission writeup anywhere?
I02781,U0512,H011,discord_message,2025-02-19T17:48:22,"the api key rotated, new one is in the env file on the shared drive"
I02782,U0512,H011,answered_question,2025-02-21T10:40:06,"The cap is four this time, it changed from last edition."
I02783,U0512,,comment,2026-06-27T23:38:17,Third hackathon here and the organisation keeps getting better.
I02784,U0512,H022,profile_update,2026-05-29T12:36:33,
I02785,U0512,H017,question,2025-09-26T20:28:28,What is the best way to handle auth for a demo that has to work offline?
I02786,U0512,,discord_message,2026-03-23T10:23:28,"we are cutting the matchmaking feature, no time"
I02787,U0512,H009,discord_message,2024-11-29T18:03:08,"moving our table to near the power outlets, we are at 22 now"
I02788,U0512,,workshop_attended,2025-03-28T09:27:21,
I02789,U0512,H012,discord_message,2025-03-15T18:37:08,anyone awake? stuck on a merge conflict in the schema file
I02790,U0512,H022,workshop_attended,2026-05-30T17:03:49,
I02791,U0512,,question,2026-04-27T17:57:31,What is the best way to handle auth for a demo that has to work offline?
I02792,U0512,H020,question,2026-02-07T13:46:08,What is the best way to handle auth for a demo that has to work offline?
I02793,U0512,H011,discord_message,2025-02-21T12:24:16,"going to sleep for 90 minutes, ping me if the build breaks"
I02794,U0512,H009,comment,2024-12-07T22:39:57,"Our demo broke live and we still placed, so do not panic if yours does."
I02795,U0512,H018,workshop_attended,2025-11-23T12:49:25,
I02796,U0512,H022,discord_message,2026-05-20T10:22:31,"last commit before freeze, do not push anything after this"
I02797,U0512,H022,comment,2026-06-03T18:51:53,The mentor feedback on scoping was the single most useful thing this weekend.
I02798,U0513,,comment,2025-10-04T22:39:29,"We pivoted at 3am and it was the right call, the first idea had no demo path."
I02799,U0513,,question,2026-07-07T22:26:27,Can we use a pre-existing repo as a starting point or does everything have to be written here?
I02800,U0513,,question,2025-10-22T21:57:43,Do judges want to see the code or just the running product?
I02801,U0513,H024,question,2026-08-17T13:53:57,Can one person be on two teams for different tracks?
I02802,U0513,H024,comment,2026-08-04T13:22:14,"Great talk on vector databases, the part about hybrid retrieval was the useful bit."
I02803,U0513,H017,question,2025-10-16T20:57:16,Do judges want to see the code or just the running product?
I02804,U0514,,discord_message,2025-08-02T17:17:17,anyone awake? stuck on a merge conflict in the schema file
I02805,U0514,,answered_question,2026-05-09T14:57:08,"Free tier handles that node count fine, but create your indexes before bulk loading."
I02806,U0515,H003,question,2024-04-05T17:39:20,"What counts as ""using"" the sponsor tech for the prize track?"
I02807,U0515,H004,workshop_attended,2024-05-18T13:31:42,
I02808,U0515,H010,discord_message,2025-01-20T19:04:51,"pushing the fix now, pull before you touch the retrieval service"
I02809,U0515,H004,question,2024-05-17T21:24:14,What happens if our deployment goes down during judging?
I02810,U0515,H003,comment,2024-03-31T13:11:20,"The wifi in hall B is unusable, switching to a hotspot if anyone wants to share."
I02811,U0517,H015,discord_message,2025-07-20T23:31:45,"moving our table to near the power outlets, we are at 22 now"
I02812,U0517,H015,discord_message,2025-07-17T09:30:48,"demo script is in the shared doc, please read it before we rehearse"
I02813,U0517,,question,2025-07-29T22:30:53,Do judges want to see the code or just the running product?
I02814,U0517,H015,comment,2025-07-20T21:36:21,"The graph database workshop was much better than I expected, worth the hour."
I02815,U0517,,question,2025-10-03T09:07:49,"Is there a rate limit on the embeddings endpoint, and if so what is it?"
I02816,U0518,,question,2025-06-08T14:12:34,Is model fine-tuning allowed or is it inference only?
I02817,U0518,,question,2026-06-25T23:23:44,Does anyone know if the AuraDB free tier can handle a few hundred thousand nodes?
I02818,U0518,H008,answered_question,2024-10-30T21:08:52,You can augment the dataset as long as you declare the extra sources.
I02819,U0519,H003,answered_question,2024-04-09T12:54:23,"The cap is four this time, it changed from last edition."
I02820,U0519,H003,discord_message,2024-03-28T22:01:37,"going to sleep for 90 minutes, ping me if the build breaks"
I02821,U0519,H003,workshop_attended,2024-04-17T11:31:31,
I02822,U0521,,comment,2024-12-31T15:00:32,Does the sponsor prize require using their hosted version or is self-hosted fine?
I02823,U0521,H009,workshop_attended,2024-11-22T19:27:39,
I02824,U0521,H009,discord_message,2024-12-12T22:47:02,"we are cutting the matchmaking feature, no time"
I02825,U0523,,question,2025-09-29T18:36:15,Are teams allowed to be four people or is three the cap this time?
I02826,U0523,H002,discord_message,2024-02-26T09:40:21,"moving our table to near the power outlets, we are at 22 now"
I02827,U0523,H002,answered_question,2024-02-24T16:21:59,Pre-existing repos are allowed if you declare them and the new work is clearly separable.
I02828,U0523,H002,answered_question,2024-02-11T19:03:06,Rate limit is 60 requests per minute per key. Batch your calls.
I02829,U0523,,answered_question,2024-11-18T08:44:36,"For offline auth just stub it and say so, nobody marks you down for that."
I02830,U0524,H021,answered_question,2026-04-08T17:52:06,You can augment the dataset as long as you declare the extra sources.
I02831,U0524,,workshop_attended,2026-05-15T20:54:05,
I02832,U0524,,comment,2026-03-22T19:47:13,"Judging felt fair this time, the rubric being published in advance helped a lot."
I02833,U0524,H021,discord_message,2026-04-13T11:06:39,"i am taking the ingestion path, you take the UI, lets not touch the same files"
I02834,U0525,H013,workshop_attended,2025-05-10T15:12:30,
I02835,U0525,,discord_message,2026-07-14T21:13:46,"demo script is in the shared doc, please read it before we rehearse"
I02836,U0525,H013,discord_message,2025-05-02T19:04:51,"i am taking the ingestion path, you take the UI, lets not touch the same files"
I02837,U0525,,answered_question,2026-06-18T21:50:20,Rate limit is 60 requests per minute per key. Batch your calls.
I02838,U0526,H016,discord_message,2025-08-28T17:48:23,"going to sleep for 90 minutes, ping me if the build breaks"
I02839,U0526,,question,2025-10-23T13:25:21,Can we use a pre-existing repo as a starting point or does everything have to be written here?
I02840,U0526,H016,workshop_attended,2025-08-16T08:16:33,
I02841,U0526,H016,discord_message,2025-09-07T21:40:12,"rehearsed twice, we are at 3:10 so we need to cut about twenty seconds"
I02842,U0526,H016,profile_update,2025-08-29T10:40:30,
I02843,U0528,,profile_update,2026-02-14T13:11:19,
I02844,U0528,H017,profile_update,2025-10-18T09:53:21,
I02845,U0528,H013,question,2025-05-18T23:08:50,Are we expected to present on the main stage or at our table?
I02846,U0528,H013,answered_question,2025-05-05T23:56:31,You get three minutes plus two for questions. They are strict about it.
I02847,U0528,H013,workshop_attended,2025-05-08T08:17:54,
I02848,U0528,H013,question,2025-05-20T12:27:39,Is there a template for the submission writeup anywhere?
I02849,U0528,,question,2025-10-10T11:21:32,"What counts as ""using"" the sponsor tech for the prize track?"
I02850,U0529,,question,2025-01-29T14:38:28,Can we use a pre-existing repo as a starting point or does everything have to be written here?
I02851,U0529,H012,answered_question,2025-03-17T21:51:02,"You can be on two teams but you can only win once, which they enforce."
I02852,U0529,,question,2025-12-16T08:20:42,Does anyone know if the AuraDB free tier can handle a few hundred thousand nodes?
I02853,U0529,H012,comment,2025-04-01T20:20:06,"The graph database workshop was much better than I expected, worth the hour."
I02854,U0529,H012,question,2025-03-16T18:33:05,"How long do we get for the demo, including questions?"
I02855,U0531,H007,question,2024-09-05T12:52:49,Does anyone know if the AuraDB free tier can handle a few hundred thousand nodes?
I02856,U0531,H022,question,2026-05-30T16:20:32,"What counts as ""using"" the sponsor tech for the prize track?"
I02857,U0531,,answered_question,2026-01-23T21:12:25,"Use a hotspot for the demo, the venue wifi drops under load every year."
I02858,U0531,H022,workshop_attended,2026-05-28T08:37:19,
I02859,U0531,,workshop_attended,2025-02-12T11:09:37,
I02860,U0531,H018,discord_message,2025-11-13T19:18:37,"going to sleep for 90 minutes, ping me if the build breaks"
I02861,U0531,,answered_question,2026-09-01T13:39:16,Pre-existing repos are allowed if you declare them and the new work is clearly separable.
I02862,U0531,H007,question,2024-09-09T22:10:15,Are teams allowed to be four people or is three the cap this time?
I02863,U0531,H018,question,2025-11-25T15:02:11,What happens if our deployment goes down during judging?
I02864,U0531,H022,question,2026-05-24T08:42:23,"How long do we get for the demo, including questions?"
I02865,U0532,H023,discord_message,2026-07-14T15:34:12,"pushing the fix now, pull before you touch the retrieval service"
I02866,U0532,H023,answered_question,2026-07-12T11:30:49,"Use a hotspot for the demo, the venue wifi drops under load every year."
I02867,U0532,H023,comment,2026-07-07T23:28:04,The mentor feedback on scoping was the single most useful thing this weekend.
I02868,U0532,,discord_message,2026-04-19T21:00:14,"going to sleep for 90 minutes, ping me if the build breaks"
I02869,U0533,,answered_question,2026-01-17T14:50:39,Fine-tuning is allowed. Two teams did it last year.
I02870,U0533,,comment,2026-04-15T23:37:35,Coffee has run out on floor 2 for anyone planning their next hour around it.
I02871,U0536,H022,comment,2026-05-27T14:57:29,"If anyone is stuck on CORS with the workshop template, the fix is in the pinned message."
I02872,U0536,,discord_message,2026-04-15T10:28:09,"going to sleep for 90 minutes, ping me if the build breaks"
I02873,U0536,H001,discord_message,2024-01-18T21:20:02,"we are cutting the matchmaking feature, no time"
I02874,U0536,,comment,2024-03-17T17:35:18,"Our team is two people short, DM me if you want to join a GenAI track build."
I02875,U0536,H022,profile_update,2026-06-01T16:20:58,
I02876,U0536,H020,comment,2026-02-15T17:52:34,Coffee has run out on floor 2 for anyone planning their next hour around it.
I02877,U0536,,question,2025-09-28T18:45:58,What is the best way to handle auth for a demo that has to work offline?
I02878,U0536,,comment,2024-09-24T23:46:14,"Our demo broke live and we still placed, so do not panic if yours does."
I02879,U0536,H022,discord_message,2026-05-09T08:57:31,"last commit before freeze, do not push anything after this"
I02880,U0539,H012,answered_question,2025-03-13T12:26:45,"Yes, self-hosted counts for the prize track, it was confirmed on the Discord at 11am."
I02881,U0539,,answered_question,2024-09-30T10:56:28,Fine-tuning is allowed. Two teams did it last year.
I02882,U0539,H001,comment,2024-01-27T16:16:53,Finally got the deployment working. The build was failing because of a Node version mismatch.
I02883,U0539,H001,comment,2024-01-09T20:53:14,"Our demo broke live and we still placed, so do not panic if yours does."
I02884,U0539,H012,discord_message,2025-04-05T22:05:02,"i am taking the ingestion path, you take the UI, lets not touch the same files"
I02885,U0539,H001,discord_message,2024-01-16T21:41:27,"going to sleep for 90 minutes, ping me if the build breaks"
I02886,U0539,H023,comment,2026-07-01T20:21:40,Anyone else getting a 429 from the sponsor API? Third time in ten minutes.
I02887,U0539,H023,discord_message,2026-06-27T20:54:06,"going to sleep for 90 minutes, ping me if the build breaks"
I02888,U0539,H023,comment,2026-07-03T20:46:04,Anyone have a spare USB-C charger? Ours walked off.
I02889,U0539,H012,discord_message,2025-03-17T18:20:47,"i am taking the ingestion path, you take the UI, lets not touch the same files"
I02890,U0539,H023,workshop_attended,2026-07-02T08:12:52,
I02891,U0540,H014,question,2025-06-01T12:51:20,Are we expected to present on the main stage or at our table?
I02892,U0540,H014,discord_message,2025-06-10T20:21:02,can someone take screenshots for the submission while i fix the deploy
I02893,U0540,H014,comment,2025-06-09T13:01:48,"If anyone is stuck on CORS with the workshop template, the fix is in the pinned message."
I02894,U0542,H022,discord_message,2026-05-09T18:01:28,"we are cutting the matchmaking feature, no time"
I02895,U0542,H022,answered_question,2026-05-15T16:53:02,"Use a hotspot for the demo, the venue wifi drops under load every year."
I02896,U0542,,discord_message,2026-05-16T16:53:02,"we are cutting the matchmaking feature, no time"
I02897,U0542,H022,question,2026-05-10T15:42:27,Are teams allowed to be four people or is three the cap this time?
I02898,U0543,H003,profile_update,2024-04-19T15:10:27,
I02899,U0543,H003,discord_message,2024-03-31T21:48:28,"demo script is in the shared doc, please read it before we rehearse"
I02900,U0543,H001,comment,2024-01-02T20:51:23,"We pivoted at 3am and it was the right call, the first idea had no demo path."
I02901,U0543,,comment,2024-06-11T22:39:21,"Great talk on vector databases, the part about hybrid retrieval was the useful bit."
I02902,U0543,H003,comment,2024-04-03T18:41:43,"Reminder that the submission deadline is 6pm not 8pm, it changed on the Discord."
I02903,U0543,H001,question,2024-01-13T20:04:39,Does anyone know if the AuraDB free tier can handle a few hundred thousand nodes?
I02904,U0543,H003,question,2024-03-25T11:57:37,Is there a template for the submission writeup anywhere?
I02905,U0543,,question,2025-05-18T21:00:35,"How long do we get for the demo, including questions?"
I02906,U0543,,discord_message,2026-05-07T10:06:46,"pushing the fix now, pull before you touch the retrieval service"
I02907,U0543,H006,comment,2024-08-17T14:43:50,Anyone else getting a 429 from the sponsor API? Third time in ten minutes.
I02908,U0543,,question,2025-09-21T14:52:48,What happens if our deployment goes down during judging?
I02909,U0543,H006,comment,2024-07-30T20:50:57,"We pivoted at 3am and it was the right call, the first idea had no demo path."
I02910,U0543,,discord_message,2025-01-22T14:38:36,"rehearsed twice, we are at 3:10 so we need to cut about twenty seconds"
I02911,U0544,H014,question,2025-06-01T11:46:20,Is the dataset they provided allowed to be augmented with external data?
I02912,U0544,H014,question,2025-06-22T22:18:20,What is the best way to handle auth for a demo that has to work offline?
I02913,U0544,H002,comment,2024-02-12T09:59:48,"If anyone is stuck on CORS with the workshop template, the fix is in the pinned message."
I02914,U0544,H002,answered_question,2024-02-26T12:47:03,Rate limit is 60 requests per minute per key. Batch your calls.
I02915,U0544,H014,comment,2025-06-09T13:50:32,"Shout-out to whoever left the HDMI adapter at table 14, you saved our demo."
I02916,U0544,H002,comment,2024-02-09T19:16:47,"Our team is two people short, DM me if you want to join a GenAI track build."
I02917,U0544,H014,comment,2025-06-23T21:23:41,"Shout-out to whoever left the HDMI adapter at table 14, you saved our demo."
I02918,U0544,,question,2025-06-30T14:45:52,Are teams allowed to be four people or is three the cap this time?
I02919,U0544,H002,answered_question,2024-02-18T23:33:50,Rate limit is 60 requests per minute per key. Batch your calls.
I02920,U0545,H023,answered_question,2026-07-12T20:41:55,"Yes, self-hosted counts for the prize track, it was confirmed on the Discord at 11am."
I02921,U0545,H005,discord_message,2024-06-21T16:08:55,can someone take screenshots for the submission while i fix the deploy
I02922,U0545,,discord_message,2024-06-22T22:24:05,anyone awake? stuck on a merge conflict in the schema file
I02923,U0545,H023,comment,2026-06-24T23:00:52,Does the sponsor prize require using their hosted version or is self-hosted fine?
I02924,U0545,H023,discord_message,2026-07-06T09:00:39,"found the bug, it was a timezone thing in the date parsing"
I02925,U0545,,comment,2024-10-29T13:33:37,Anyone else getting a 429 from the sponsor API? Third time in ten minutes.
I02926,U0545,H020,answered_question,2026-02-13T22:15:09,"The cap is four this time, it changed from last edition."
I02927,U0546,,question,2025-07-02T09:16:27,What is the best way to handle auth for a demo that has to work offline?
I02928,U0546,H016,discord_message,2025-09-06T19:42:28,anyone awake? stuck on a merge conflict in the schema file
I02929,U0546,H016,comment,2025-09-10T19:03:54,Does the sponsor prize require using their hosted version or is self-hosted fine?
I02930,U0547,H014,comment,2025-06-01T17:35:18,"The wifi in hall B is unusable, switching to a hotspot if anyone wants to share."
I02931,U0547,,comment,2025-07-18T18:20:08,"The wifi in hall B is unusable, switching to a hotspot if anyone wants to share."
I02932,U0548,H011,discord_message,2025-02-05T15:52:27,"rehearsed twice, we are at 3:10 so we need to cut about twenty seconds"
I02933,U0548,H011,comment,2025-02-22T13:04:17,"Our team is two people short, DM me if you want to join a GenAI track build."
I02934,U0548,H011,answered_question,2025-02-15T16:45:21,You get three minutes plus two for questions. They are strict about it.
I02935,U0548,,comment,2026-08-30T23:13:20,"If anyone is stuck on CORS with the workshop template, the fix is in the pinned message."
I02936,U0549,,discord_message,2025-01-29T19:38:39,"moving our table to near the power outlets, we are at 22 now"
I02937,U0549,,question,2025-11-13T09:46:56,Is model fine-tuning allowed or is it inference only?
I02938,U0550,,discord_message,2026-05-04T22:28:09,"pushing the fix now, pull before you touch the retrieval service"
I02939,U0550,H013,workshop_attended,2025-04-29T09:33:05,
I02940,U0550,,question,2025-03-09T08:05:07,Do judges want to see the code or just the running product?
I02941,U0550,,answered_question,2025-03-20T22:02:12,"For offline auth just stub it and say so, nobody marks you down for that."
I02942,U0551,H013,question,2025-04-30T17:29:55,"Is there a rate limit on the embeddings endpoint, and if so what is it?"
I02943,U0551,H013,question,2025-05-07T20:38:37,Is the dataset they provided allowed to be augmented with external data?
I02944,U0551,H013,question,2025-05-06T13:03:15,What is the best way to handle auth for a demo that has to work offline?
I02945,U0552,H015,discord_message,2025-07-27T22:23:50,"pushing the fix now, pull before you touch the retrieval service"
I02946,U0552,H015,answered_question,2025-07-15T20:05:12,"For offline auth just stub it and say so, nobody marks you down for that."
I02947,U0552,,comment,2026-08-20T13:16:02,"We pivoted at 3am and it was the right call, the first idea had no demo path."
I02948,U0552,,comment,2026-06-18T16:34:33,Anyone have a spare USB-C charger? Ours walked off.
I02949,U0552,,answered_question,2026-07-01T18:31:20,Fine-tuning is allowed. Two teams did it last year.
I02950,U0553,,discord_message,2026-01-23T15:08:11,"moving our table to near the power outlets, we are at 22 now"
I02951,U0553,H011,comment,2025-02-23T11:48:52,The mentor feedback on scoping was the single most useful thing this weekend.
I02952,U0553,H011,answered_question,2025-02-21T11:46:55,"Use a hotspot for the demo, the venue wifi drops under load every year."
I02953,U0553,,answered_question,2025-09-16T17:49:56,"Judges look at the running product first, code only if they have doubts."
I02954,U0553,H011,profile_update,2025-02-09T16:14:44,
I02955,U0553,H011,comment,2025-02-04T16:55:36,"The graph database workshop was much better than I expected, worth the hour."
I02956,U0554,,workshop_attended,2026-01-09T13:59:14,
I02957,U0554,,answered_question,2025-09-13T19:38:35,Fine-tuning is allowed. Two teams did it last year.
I02958,U0554,H005,answered_question,2024-06-30T14:10:25,You can augment the dataset as long as you declare the extra sources.
I02959,U0554,H005,question,2024-07-07T11:42:05,"Is there a rate limit on the embeddings endpoint, and if so what is it?"
I02960,U0554,H001,question,2024-01-05T12:12:09,"Is there a rate limit on the embeddings endpoint, and if so what is it?"
I02961,U0555,,answered_question,2024-12-11T11:34:09,You can augment the dataset as long as you declare the extra sources.
I02962,U0555,H024,workshop_attended,2026-08-15T14:08:55,
I02963,U0555,H020,workshop_attended,2026-02-10T10:45:26,
I02964,U0555,H014,discord_message,2025-05-30T08:57:50,"i am taking the ingestion path, you take the UI, lets not touch the same files"
I02965,U0555,,comment,2024-01-24T15:19:24,Anyone have a spare USB-C charger? Ours walked off.
I02966,U0555,H012,discord_message,2025-03-27T12:11:30,"moving our table to near the power outlets, we are at 22 now"
I02967,U0555,H020,question,2026-02-23T12:06:56,Can we use a pre-existing repo as a starting point or does everything have to be written here?
I02968,U0555,,comment,2024-07-13T10:18:14,"The wifi in hall B is unusable, switching to a hotspot if anyone wants to share."
I02969,U0555,H014,comment,2025-05-29T17:36:13,Does the sponsor prize require using their hosted version or is self-hosted fine?
I02970,U0555,H002,answered_question,2024-02-22T11:13:10,Fine-tuning is allowed. Two teams did it last year.
I02971,U0555,H002,workshop_attended,2024-02-12T13:31:41,
I02972,U0555,,question,2025-06-15T18:16:19,Can we use a pre-existing repo as a starting point or does everything have to be written here?
I02973,U0555,,answered_question,2025-11-12T22:23:36,"Use a hotspot for the demo, the venue wifi drops under load every year."
I02974,U0555,H005,answered_question,2024-06-30T16:05:56,"Use a hotspot for the demo, the venue wifi drops under load every year."
I02975,U0555,H002,comment,2024-02-21T08:37:08,"Shout-out to whoever left the HDMI adapter at table 14, you saved our demo."
I02976,U0555,,question,2026-09-06T10:54:06,Do judges want to see the code or just the running product?
I02977,U0555,,discord_message,2024-12-16T09:29:32,can someone take screenshots for the submission while i fix the deploy
I02978,U0555,H023,question,2026-07-14T12:40:29,Is model fine-tuning allowed or is it inference only?
I02979,U0555,H002,discord_message,2024-02-21T17:09:51,"rehearsed twice, we are at 3:10 so we need to cut about twenty seconds"
I02980,U0555,,answered_question,2024-06-25T11:49:18,"Use a hotspot for the demo, the venue wifi drops under load every year."
I02981,U0555,H012,discord_message,2025-03-16T13:33:28,"pushing the fix now, pull before you touch the retrieval service"
I02982,U0555,H023,discord_message,2026-06-28T21:20:48,"the api key rotated, new one is in the env file on the shared drive"
I02983,U0555,,question,2026-01-11T13:35:19,Does anyone know if the AuraDB free tier can handle a few hundred thousand nodes?
I02984,U0556,,discord_message,2026-02-21T20:19:13,"moving our table to near the power outlets, we are at 22 now"
I02985,U0556,H016,answered_question,2025-08-23T15:19:10,"For offline auth just stub it and say so, nobody marks you down for that."
I02986,U0556,,discord_message,2024-05-09T18:05:41,"i am taking the ingestion path, you take the UI, lets not touch the same files"
I02987,U0556,H010,answered_question,2025-01-13T08:01:40,"You can be on two teams but you can only win once, which they enforce."
I02988,U0556,H016,workshop_attended,2025-08-30T20:28:25,
I02989,U0556,H016,question,2025-08-21T13:41:27,What happens if our deployment goes down during judging?
I02990,U0558,H011,discord_message,2025-02-27T17:35:03,anyone awake? stuck on a merge conflict in the schema file
I02991,U0558,H014,question,2025-06-20T20:14:01,Do judges want to see the code or just the running product?
I02992,U0558,H014,answered_question,2025-06-01T12:37:45,"Use a hotspot for the demo, the venue wifi drops under load every year."
I02993,U0558,,comment,2026-05-16T23:52:07,"Our demo broke live and we still placed, so do not panic if yours does."
I02994,U0559,,comment,2026-02-19T08:37:12,"The wifi in hall B is unusable, switching to a hotspot if anyone wants to share."
I02995,U0559,H011,comment,2025-02-23T13:04:11,"Our demo broke live and we still placed, so do not panic if yours does."
I02996,U0559,H011,discord_message,2025-02-13T14:16:53,"going to sleep for 90 minutes, ping me if the build breaks"
I02997,U0564,,question,2026-06-05T15:12:23,Do judges want to see the code or just the running product?
I02998,U0565,H002,workshop_attended,2024-02-28T10:53:45,
I02999,U0565,,answered_question,2026-04-18T09:32:31,"If your deployment dies they will let you show a recording, but tell them beforehand."
I03000,U0565,H008,answered_question,2024-11-02T22:25:17,"For offline auth just stub it and say so, nobody marks you down for that."
I03001,U0565,H003,workshop_attended,2024-04-01T22:51:07,
I03002,U0565,H004,answered_question,2024-05-26T17:06:35,The writeup template is linked in the pinned message on the announcements channel.
I03003,U0565,H024,comment,2026-08-13T17:49:07,"Judging felt fair this time, the rubric being published in advance helped a lot."
I03004,U0565,H003,discord_message,2024-04-12T19:19:46,can someone take screenshots for the submission while i fix the deploy
I03005,U0565,H019,discord_message,2026-01-16T20:07:38,"we are cutting the matchmaking feature, no time"
I03006,U0565,H002,discord_message,2024-02-10T21:14:12,"the api key rotated, new one is in the env file on the shared drive"
I03007,U0565,,discord_message,2024-07-12T22:50:25,can someone take screenshots for the submission while i fix the deploy
I03008,U0565,,workshop_attended,2025-01-17T22:36:34,
I03009,U0565,H001,profile_update,2024-01-15T15:35:44,
I03010,U0565,H020,answered_question,2026-02-04T22:35:46,"For offline auth just stub it and say so, nobody marks you down for that."
I03011,U0565,H011,discord_message,2025-02-06T17:36:23,can someone take screenshots for the submission while i fix the deploy
I03012,U0565,,discord_message,2024-10-25T14:27:21,"demo script is in the shared doc, please read it before we rehearse"
I03013,U0565,H008,question,2024-11-02T10:55:05,Does anyone know if the AuraDB free tier can handle a few hundred thousand nodes?
I03014,U0565,H002,profile_update,2024-02-28T20:34:19,
I03015,U0565,,discord_message,2025-05-18T12:36:10,"going to sleep for 90 minutes, ping me if the build breaks"
I03016,U0565,H020,answered_question,2026-02-12T10:19:02,"If your deployment dies they will let you show a recording, but tell them beforehand."
I03017,U0565,H019,comment,2025-12-25T18:53:07,Coffee has run out on floor 2 for anyone planning their next hour around it.
I03018,U0565,H003,answered_question,2024-04-10T22:00:13,"If your deployment dies they will let you show a recording, but tell them beforehand."
I03019,U0565,,comment,2025-11-06T18:09:47,"We pivoted at 3am and it was the right call, the first idea had no demo path."
I03020,U0565,H024,profile_update,2026-08-04T11:02:53,
I03021,U0565,H008,question,2024-10-15T21:48:38,"What counts as ""using"" the sponsor tech for the prize track?"
I03022,U0565,,answered_question,2025-08-26T19:13:39,You get three minutes plus two for questions. They are strict about it.
I03023,U0565,H020,workshop_attended,2026-02-11T16:29:03,
I03024,U0565,H002,question,2024-02-18T20:59:46,Do judges want to see the code or just the running product?
I03025,U0565,H001,discord_message,2024-01-18T14:28:44,"moving our table to near the power outlets, we are at 22 now"
I03026,U0565,H020,discord_message,2026-02-08T13:26:01,"i am taking the ingestion path, you take the UI, lets not touch the same files"
I03027,U0566,H021,comment,2026-04-06T20:40:32,"Our team is two people short, DM me if you want to join a GenAI track build."
I03028,U0566,H023,discord_message,2026-07-12T12:51:49,"going to sleep for 90 minutes, ping me if the build breaks"
I03029,U0566,H015,question,2025-08-04T13:02:38,Are teams allowed to be four people or is three the cap this time?
I03030,U0566,,discord_message,2026-06-16T15:56:45,"rehearsed twice, we are at 3:10 so we need to cut about twenty seconds"
I03031,U0566,,question,2025-04-06T12:42:50,Is there a template for the submission writeup anywhere?
I03032,U0566,H017,question,2025-10-09T15:50:41,"How long do we get for the demo, including questions?"
I03033,U0566,,question,2025-08-28T16:02:47,What happens if our deployment goes down during judging?
I03034,U0566,H021,question,2026-04-15T09:25:25,Is the dataset they provided allowed to be augmented with external data?
I03035,U0566,H006,answered_question,2024-08-08T15:09:09,Pre-existing repos are allowed if you declare them and the new work is clearly separable.
I03036,U0566,,comment,2025-10-30T09:31:34,Really liked that the results were announced with the score breakdown.
I03037,U0566,H010,question,2024-12-30T10:48:46,Is there a template for the submission writeup anywhere?
I03038,U0566,,question,2026-07-08T08:34:34,Can we use a pre-existing repo as a starting point or does everything have to be written here?
I03039,U0566,,answered_question,2024-01-25T20:31:33,"If your deployment dies they will let you show a recording, but tell them beforehand."
I03040,U0566,,discord_message,2025-01-27T08:25:18,"found the bug, it was a timezone thing in the date parsing"
I03041,U0566,H009,answered_question,2024-12-18T17:55:44,You get three minutes plus two for questions. They are strict about it.
I03042,U0566,H019,workshop_attended,2026-01-16T17:32:40,
I03043,U0566,H001,comment,2024-01-09T14:07:31,"We pivoted at 3am and it was the right call, the first idea had no demo path."
I03044,U0566,H023,question,2026-06-20T17:47:29,Are teams allowed to be four people or is three the cap this time?
I03045,U0566,H015,question,2025-07-19T17:54:01,What happens if our deployment goes down during judging?
I03046,U0566,H019,discord_message,2025-12-25T18:14:28,"we are cutting the matchmaking feature, no time"
I03047,U0566,,discord_message,2025-05-11T17:29:41,"rehearsed twice, we are at 3:10 so we need to cut about twenty seconds"
I03048,U0566,,discord_message,2025-05-13T13:15:33,"rehearsed twice, we are at 3:10 so we need to cut about twenty seconds"
I03049,U0566,H017,answered_question,2025-10-10T16:02:48,"For offline auth just stub it and say so, nobody marks you down for that."
I03050,U0566,H015,question,2025-07-20T08:18:40,"How long do we get for the demo, including questions?"
I03051,U0566,H019,comment,2026-01-01T16:25:59,Really liked that the results were announced with the score breakdown.
I03052,U0566,H015,discord_message,2025-07-19T23:03:51,"last commit before freeze, do not push anything after this"
I03053,U0566,H023,comment,2026-07-06T11:14:04,"Judging felt fair this time, the rubric being published in advance helped a lot."
I03054,U0566,,question,2026-08-04T08:10:07,Are we expected to present on the main stage or at our table?
I03055,U0566,H009,discord_message,2024-12-15T13:45:29,can someone take screenshots for the submission while i fix the deploy
I03056,U0566,H001,question,2024-01-09T08:49:28,Can we use a pre-existing repo as a starting point or does everything have to be written here?
I03057,U0566,,answered_question,2024-10-12T23:39:27,"If your deployment dies they will let you show a recording, but tell them beforehand."
I03058,U0566,H001,answered_question,2024-01-21T12:03:33,"Use a hotspot for the demo, the venue wifi drops under load every year."
I03059,U0566,H021,profile_update,2026-04-08T15:31:01,
I03060,U0569,,comment,2024-08-30T21:51:39,Finally got the deployment working. The build was failing because of a Node version mismatch.
I03061,U0569,H008,discord_message,2024-10-27T16:08:31,"found the bug, it was a timezone thing in the date parsing"
I03062,U0569,H008,question,2024-10-26T21:50:41,Can one person be on two teams for different tracks?
I03063,U0569,H008,comment,2024-10-31T22:18:39,"We pivoted at 3am and it was the right call, the first idea had no demo path."
I03064,U0571,H022,comment,2026-05-20T23:49:26,"If anyone is stuck on CORS with the workshop template, the fix is in the pinned message."
I03065,U0571,H022,workshop_attended,2026-05-27T19:32:09,
I03066,U0571,H022,question,2026-05-27T21:55:34,What happens if our deployment goes down during judging?
I03067,U0572,,answered_question,2026-07-16T12:10:13,"You can be on two teams but you can only win once, which they enforce."
I03068,U0572,H010,answered_question,2025-01-16T16:32:14,You can augment the dataset as long as you declare the extra sources.
I03069,U0572,H010,comment,2025-01-24T13:16:41,"The graph database workshop was much better than I expected, worth the hour."
I03070,U0573,H015,question,2025-07-07T10:26:23,Is model fine-tuning allowed or is it inference only?
I03071,U0573,,comment,2026-09-13T18:23:21,Third hackathon here and the organisation keeps getting better.
I03072,U0573,H015,profile_update,2025-07-12T18:18:53,
I03073,U0574,H004,comment,2024-05-31T20:21:13,Anyone have a spare USB-C charger? Ours walked off.
I03074,U0574,H023,workshop_attended,2026-06-23T15:22:20,
I03075,U0574,H004,answered_question,2024-05-16T22:50:40,You can augment the dataset as long as you declare the extra sources.
I03076,U0574,H023,question,2026-06-24T10:56:39,Are we expected to present on the main stage or at our table?
I03077,U0574,H023,comment,2026-07-10T08:53:33,"We pivoted at 3am and it was the right call, the first idea had no demo path."
I03078,U0574,,comment,2024-06-03T22:58:30,The mentor feedback on scoping was the single most useful thing this weekend.
I03079,U0574,H023,comment,2026-07-10T16:32:02,"The graph database workshop was much better than I expected, worth the hour."
I03080,U0577,H003,discord_message,2024-04-19T21:42:21,"rehearsed twice, we are at 3:10 so we need to cut about twenty seconds"
I03081,U0577,,discord_message,2025-04-22T13:35:46,can someone take screenshots for the submission while i fix the deploy
I03082,U0577,,answered_question,2024-07-04T08:29:49,"Judges look at the running product first, code only if they have doubts."
I03083,U0577,,comment,2024-08-18T09:24:03,"The wifi in hall B is unusable, switching to a hotspot if anyone wants to share."
I03084,U0578,H017,question,2025-09-20T09:26:55,Are teams allowed to be four people or is three the cap this time?
I03085,U0578,H017,answered_question,2025-10-10T20:07:18,Rate limit is 60 requests per minute per key. Batch your calls.
I03086,U0578,,answered_question,2026-03-13T16:13:33,"For offline auth just stub it and say so, nobody marks you down for that."
I03087,U0579,,comment,2025-10-01T13:39:57,"If anyone is stuck on CORS with the workshop template, the fix is in the pinned message."
I03088,U0579,,comment,2025-10-01T23:39:18,Anyone have a spare USB-C charger? Ours walked off.
I03089,U0579,H016,question,2025-08-15T08:37:05,Do judges want to see the code or just the running product?
I03090,U0581,H024,comment,2026-08-21T08:31:00,"Reminder that the submission deadline is 6pm not 8pm, it changed on the Discord."
I03091,U0581,,comment,2026-06-20T18:35:44,"Great talk on vector databases, the part about hybrid retrieval was the useful bit."
I03092,U0581,H024,comment,2026-08-04T16:11:57,"Judging felt fair this time, the rubric being published in advance helped a lot."
I03093,U0582,H004,question,2024-05-19T09:09:59,"How long do we get for the demo, including questions?"
I03094,U0582,H016,answered_question,2025-08-27T23:21:31,You get three minutes plus two for questions. They are strict about it.
I03095,U0582,,comment,2024-05-27T09:17:36,"Our demo broke live and we still placed, so do not panic if yours does."
I03096,U0582,H007,workshop_attended,2024-09-13T16:40:42,
I03097,U0582,,profile_update,2025-06-21T08:20:59,
I03098,U0582,,question,2026-06-03T14:09:14,Does anyone know if the AuraDB free tier can handle a few hundred thousand nodes?
I03099,U0583,H018,comment,2025-11-14T16:10:09,Coffee has run out on floor 2 for anyone planning their next hour around it.
I03100,U0583,H011,comment,2025-02-16T23:20:09,"Our demo broke live and we still placed, so do not panic if yours does."
I03101,U0583,,comment,2026-03-31T20:08:00,"We pivoted at 3am and it was the right call, the first idea had no demo path."
I03102,U0583,H011,question,2025-02-12T08:25:13,"Is there a rate limit on the embeddings endpoint, and if so what is it?"
I03103,U0583,H011,question,2025-02-19T23:22:17,Are teams allowed to be four people or is three the cap this time?
I03104,U0583,H018,discord_message,2025-11-18T15:18:40,"going to sleep for 90 minutes, ping me if the build breaks"
I03105,U0583,,comment,2026-03-19T08:49:32,"Our demo broke live and we still placed, so do not panic if yours does."
I03106,U0583,H018,workshop_attended,2025-11-29T14:56:34,
I03107,U0584,,comment,2026-03-10T15:47:09,"The graph database workshop was much better than I expected, worth the hour."
I03108,U0584,,question,2025-02-22T19:32:08,Are we expected to present on the main stage or at our table?
I03109,U0584,,discord_message,2024-08-09T23:23:14,"last commit before freeze, do not push anything after this"
I03110,U0584,,question,2026-07-07T17:26:03,What is the best way to handle auth for a demo that has to work offline?
I03111,U0584,H013,comment,2025-05-10T19:17:16,The mentor feedback on scoping was the single most useful thing this weekend.
I03112,U0584,H006,discord_message,2024-08-17T09:08:34,"moving our table to near the power outlets, we are at 22 now"
I03113,U0584,H013,comment,2025-04-30T18:24:07,"Our team is two people short, DM me if you want to join a GenAI track build."
I03114,U0584,H013,comment,2025-05-05T14:57:42,"Shout-out to whoever left the HDMI adapter at table 14, you saved our demo."
I03115,U0584,H016,comment,2025-08-27T08:45:45,"If anyone is stuck on CORS with the workshop template, the fix is in the pinned message."
I03116,U0584,,question,2025-01-02T20:47:22,"What counts as ""using"" the sponsor tech for the prize track?"
I03117,U0584,H006,comment,2024-08-03T18:34:04,Anyone have a spare USB-C charger? Ours walked off.
I03118,U0584,H006,answered_question,2024-07-31T17:58:32,"If your deployment dies they will let you show a recording, but tell them beforehand."
I03119,U0584,H001,question,2024-01-23T15:09:22,Does anyone know if the AuraDB free tier can handle a few hundred thousand nodes?
I03120,U0584,H016,discord_message,2025-08-31T17:50:55,anyone awake? stuck on a merge conflict in the schema file
I03121,U0584,,profile_update,2024-03-22T15:39:45,
I03122,U0584,H001,discord_message,2024-01-14T20:50:55,"found the bug, it was a timezone thing in the date parsing"
I03123,U0585,H024,answered_question,2026-07-26T08:36:41,"Judges look at the running product first, code only if they have doubts."
I03124,U0585,,discord_message,2026-08-20T09:24:40,anyone awake? stuck on a merge conflict in the schema file
I03125,U0585,H021,profile_update,2026-04-13T18:23:46,
I03126,U0585,,question,2025-05-09T17:14:09,"How long do we get for the demo, including questions?"
I03127,U0585,H021,question,2026-03-24T21:27:19,Is model fine-tuning allowed or is it inference only?
I03128,U0585,H024,question,2026-07-29T11:22:29,Can we use a pre-existing repo as a starting point or does everything have to be written here?
I03129,U0585,H016,comment,2025-08-24T20:58:58,"Our team is two people short, DM me if you want to join a GenAI track build."
I03130,U0585,H024,discord_message,2026-08-04T15:07:20,"i am taking the ingestion path, you take the UI, lets not touch the same files"
I03131,U0585,H016,profile_update,2025-09-08T10:48:44,
I03132,U0585,H020,comment,2026-02-14T14:04:20,Coffee has run out on floor 2 for anyone planning their next hour around it.
I03133,U0585,H024,question,2026-08-13T12:43:24,Can one person be on two teams for different tracks?
I03134,U0587,H009,comment,2024-11-20T11:27:55,Does the sponsor prize require using their hosted version or is self-hosted fine?
I03135,U0587,H009,discord_message,2024-11-26T19:36:22,"pushing the fix now, pull before you touch the retrieval service"
I03136,U0587,H009,question,2024-12-07T08:28:42,What is the best way to handle auth for a demo that has to work offline?
I03137,U0587,H009,comment,2024-12-02T22:16:38,Coffee has run out on floor 2 for anyone planning their next hour around it.
I03138,U0588,H014,comment,2025-06-10T23:58:13,"If anyone is stuck on CORS with the workshop template, the fix is in the pinned message."
I03139,U0588,H003,comment,2024-03-23T12:20:57,Anyone else getting a 429 from the sponsor API? Third time in ten minutes.
I03140,U0588,H003,profile_update,2024-04-20T14:53:47,
I03141,U0588,H014,discord_message,2025-06-24T21:09:40,"moving our table to near the power outlets, we are at 22 now"
I03142,U0588,H014,profile_update,2025-06-24T17:04:58,
I03143,U0588,,discord_message,2026-06-11T11:15:41,"rehearsed twice, we are at 3:10 so we need to cut about twenty seconds"
I03144,U0588,H014,discord_message,2025-06-20T17:56:09,"demo script is in the shared doc, please read it before we rehearse"
I03145,U0589,,answered_question,2026-02-19T22:09:22,Rate limit is 60 requests per minute per key. Batch your calls.
I03146,U0589,,question,2026-07-22T21:54:51,Are we expected to present on the main stage or at our table?
I03147,U0590,H001,question,2024-01-27T10:52:15,What happens if our deployment goes down during judging?
I03148,U0590,H013,comment,2025-05-09T11:40:47,Finally got the deployment working. The build was failing because of a Node version mismatch.
I03149,U0590,H001,comment,2024-01-16T08:55:34,Anyone have a spare USB-C charger? Ours walked off.
I03150,U0590,H019,question,2026-01-04T21:27:12,"What counts as ""using"" the sponsor tech for the prize track?"
I03151,U0590,H019,comment,2026-01-02T08:43:19,"Reminder that the submission deadline is 6pm not 8pm, it changed on the Discord."
I03152,U0590,,answered_question,2025-10-17T15:28:48,You get three minutes plus two for questions. They are strict about it.
I03153,U0590,H001,comment,2024-01-12T18:00:58,The mentor feedback on scoping was the single most useful thing this weekend.
I03154,U0591,,question,2026-05-11T14:55:30,Can one person be on two teams for different tracks?
I03155,U0593,H021,discord_message,2026-04-03T21:33:51,"i am taking the ingestion path, you take the UI, lets not touch the same files"
I03156,U0593,H008,comment,2024-10-31T23:13:34,Really liked that the results were announced with the score breakdown.
I03157,U0593,H019,comment,2026-01-16T23:33:39,"Our demo broke live and we still placed, so do not panic if yours does."
I03158,U0593,H008,comment,2024-10-24T09:49:47,Anyone else getting a 429 from the sponsor API? Third time in ten minutes.
I03159,U0593,H021,discord_message,2026-04-06T14:52:25,"moving our table to near the power outlets, we are at 22 now"
I03160,U0593,H016,comment,2025-08-29T14:17:16,"Shout-out to whoever left the HDMI adapter at table 14, you saved our demo."
I03161,U0593,H016,question,2025-08-14T14:23:14,What is the best way to handle auth for a demo that has to work offline?
I03162,U0594,H001,discord_message,2024-01-14T08:10:18,"moving our table to near the power outlets, we are at 22 now"
I03163,U0594,H001,answered_question,2024-01-02T09:56:29,"Use a hotspot for the demo, the venue wifi drops under load every year."
I03164,U0594,H001,question,2024-01-18T11:02:04,Are we expected to present on the main stage or at our table?
I03165,U0594,,workshop_attended,2026-01-15T22:51:52,
I03166,U0596,,profile_update,2026-01-21T17:10:37,
I03167,U0596,,comment,2024-05-14T17:55:17,The mentor feedback on scoping was the single most useful thing this weekend.
I03168,U0596,,comment,2025-03-03T14:07:17,"Our team is two people short, DM me if you want to join a GenAI track build."
I03169,U0596,,comment,2026-09-18T14:02:01,"Shout-out to whoever left the HDMI adapter at table 14, you saved our demo."
I03170,U0596,H011,comment,2025-02-23T23:12:51,"The graph database workshop was much better than I expected, worth the hour."
I03171,U0596,H012,discord_message,2025-03-23T16:23:44,"demo script is in the shared doc, please read it before we rehearse"
I03172,U0596,H011,workshop_attended,2025-02-15T09:57:16,
I03173,U0596,H003,question,2024-04-01T09:07:34,Are teams allowed to be four people or is three the cap this time?
I03174,U0596,H003,discord_message,2024-04-08T21:18:46,"i am taking the ingestion path, you take the UI, lets not touch the same files"
I03175,U0596,H003,discord_message,2024-04-16T15:56:23,"pushing the fix now, pull before you touch the retrieval service"
I03176,U0596,H012,answered_question,2025-04-07T16:42:52,"For offline auth just stub it and say so, nobody marks you down for that."
I03177,U0596,H010,question,2025-01-24T22:28:02,What happens if our deployment goes down during judging?
I03178,U0596,H011,comment,2025-02-02T15:03:36,"Our team is two people short, DM me if you want to join a GenAI track build."
I03179,U0596,H012,comment,2025-03-30T21:42:58,"Judging felt fair this time, the rubric being published in advance helped a lot."
I03180,U0596,H010,question,2025-01-20T10:59:50,Is there a template for the submission writeup anywhere?
I03181,U0596,H011,discord_message,2025-02-03T23:14:02,anyone awake? stuck on a merge conflict in the schema file
I03182,U0598,H020,question,2026-02-25T14:41:19,What happens if our deployment goes down during judging?
I03183,U0598,,question,2026-07-14T21:03:14,"Is there a rate limit on the embeddings endpoint, and if so what is it?"
I03184,U0598,,discord_message,2025-10-05T11:24:28,anyone awake? stuck on a merge conflict in the schema file
I03185,U0598,H020,discord_message,2026-03-04T15:48:24,anyone awake? stuck on a merge conflict in the schema file
I03186,U0598,,discord_message,2026-07-08T13:43:14,"last commit before freeze, do not push anything after this"
I03187,U0598,H020,discord_message,2026-02-20T22:28:32,"the api key rotated, new one is in the env file on the shared drive"
I03188,U0598,H015,question,2025-07-21T16:34:16,Are teams allowed to be four people or is three the cap this time?
I03189,U0599,H021,workshop_attended,2026-04-10T10:38:44,
I03190,U0599,H021,workshop_attended,2026-04-04T10:11:57,
I03191,U0599,,discord_message,2025-05-31T11:27:43,"i am taking the ingestion path, you take the UI, lets not touch the same files"
I03192,U0599,H021,workshop_attended,2026-04-11T11:19:16,
I03193,U0599,H021,comment,2026-04-05T09:44:09,"Great talk on vector databases, the part about hybrid retrieval was the useful bit."
I03194,U0599,H021,discord_message,2026-03-24T13:27:14,"we are cutting the matchmaking feature, no time"
I03195,U0599,H012,question,2025-04-06T20:34:59,"How long do we get for the demo, including questions?"
I03196,U0599,H021,answered_question,2026-04-09T23:48:54,"The cap is four this time, it changed from last edition."
I03197,U0601,H021,question,2026-04-04T14:46:58,Can we use a pre-existing repo as a starting point or does everything have to be written here?
I03198,U0601,,comment,2026-06-07T13:04:50,"Our team is two people short, DM me if you want to join a GenAI track build."
I03199,U0601,H021,question,2026-04-07T22:51:45,Can we use a pre-existing repo as a starting point or does everything have to be written here?
I03200,U0601,,profile_update,2026-05-24T15:24:11,
I03201,U0602,H009,discord_message,2024-12-05T13:53:10,"the api key rotated, new one is in the env file on the shared drive"
I03202,U0602,H009,discord_message,2024-11-26T11:23:21,"demo script is in the shared doc, please read it before we rehearse"
I03203,U0602,,comment,2026-06-25T14:07:57,Third hackathon here and the organisation keeps getting better.
I03204,U0603,H022,discord_message,2026-05-18T22:14:21,"moving our table to near the power outlets, we are at 22 now"
I03205,U0603,H022,comment,2026-05-09T18:41:37,"Great talk on vector databases, the part about hybrid retrieval was the useful bit."
I03206,U0604,H012,workshop_attended,2025-04-03T17:51:39,
I03207,U0604,H012,answered_question,2025-03-29T18:18:32,"You can be on two teams but you can only win once, which they enforce."
I03208,U0604,H003,comment,2024-04-16T08:55:07,"Our demo broke live and we still placed, so do not panic if yours does."
I03209,U0604,H012,workshop_attended,2025-04-01T17:12:02,
I03210,U0604,,question,2024-07-07T20:34:13,What is the best way to handle auth for a demo that has to work offline?
I03211,U0605,H022,question,2026-05-21T18:27:14,What happens if our deployment goes down during judging?
I03212,U0605,,answered_question,2026-07-31T17:39:52,"Free tier handles that node count fine, but create your indexes before bulk loading."
I03213,U0605,H022,question,2026-05-19T22:28:13,"How long do we get for the demo, including questions?"
I03214,U0605,H022,comment,2026-05-26T12:37:32,Really liked that the results were announced with the score breakdown.
I03215,U0605,H022,discord_message,2026-05-08T11:48:50,"last commit before freeze, do not push anything after this"
I03216,U0607,,comment,2026-09-03T22:26:23,Finally got the deployment working. The build was failing because of a Node version mismatch.
I03217,U0607,H022,answered_question,2026-05-22T20:14:06,You can augment the dataset as long as you declare the extra sources.
I03218,U0607,H022,answered_question,2026-05-23T10:25:33,"For offline auth just stub it and say so, nobody marks you down for that."
I03219,U0607,,question,2026-08-13T12:51:00,Can we use a pre-existing repo as a starting point or does everything have to be written here?
I03220,U0607,H022,comment,2026-05-24T11:29:16,"Judging felt fair this time, the rubric being published in advance helped a lot."
I03221,U0609,H004,answered_question,2024-05-27T11:26:25,"If your deployment dies they will let you show a recording, but tell them beforehand."
I03222,U0609,,comment,2026-08-13T17:09:11,"Our demo broke live and we still placed, so do not panic if yours does."
I03223,U0609,,answered_question,2024-07-24T11:52:24,"You can be on two teams but you can only win once, which they enforce."
I03224,U0609,H004,discord_message,2024-05-25T09:20:08,"going to sleep for 90 minutes, ping me if the build breaks"
I03225,U0613,,answered_question,2025-01-11T10:38:46,"If your deployment dies they will let you show a recording, but tell them beforehand."
I03226,U0613,H009,question,2024-12-12T08:05:35,Is model fine-tuning allowed or is it inference only?
I03227,U0613,,discord_message,2025-10-16T08:50:24,"found the bug, it was a timezone thing in the date parsing"
I03228,U0613,H009,comment,2024-12-01T19:24:37,Anyone have a spare USB-C charger? Ours walked off.
I03229,U0613,H010,profile_update,2025-01-04T19:52:29,
I03230,U0613,H010,answered_question,2025-01-13T13:09:00,"Judges look at the running product first, code only if they have doubts."
I03231,U0616,,question,2025-06-14T17:46:58,Can we use a pre-existing repo as a starting point or does everything have to be written here?
I03232,U0616,H009,comment,2024-12-02T16:25:59,"Reminder that the submission deadline is 6pm not 8pm, it changed on the Discord."
I03233,U0616,H024,workshop_attended,2026-07-25T22:40:24,
I03234,U0616,H008,question,2024-10-22T15:42:11,Does anyone know if the AuraDB free tier can handle a few hundred thousand nodes?
I03235,U0616,H021,workshop_attended,2026-04-14T21:26:12,
I03236,U0616,,comment,2025-09-16T12:01:58,"The graph database workshop was much better than I expected, worth the hour."
I03237,U0616,H024,question,2026-07-30T15:22:31,Do judges want to see the code or just the running product?
I03238,U0616,H009,answered_question,2024-12-02T11:18:57,Fine-tuning is allowed. Two teams did it last year.
I03239,U0617,,comment,2026-03-12T15:47:56,"Great talk on vector databases, the part about hybrid retrieval was the useful bit."
I03240,U0618,,answered_question,2025-01-01T15:54:45,Fine-tuning is allowed. Two teams did it last year.
I03241,U0618,H009,comment,2024-11-30T10:38:45,"The graph database workshop was much better than I expected, worth the hour."
I03242,U0618,H009,workshop_attended,2024-11-21T19:49:25,
I03243,U0619,H012,workshop_attended,2025-03-13T19:52:58,
I03244,U0619,,discord_message,2025-08-18T16:14:56,"found the bug, it was a timezone thing in the date parsing"
I03245,U0619,H020,comment,2026-02-06T11:21:57,Anyone else getting a 429 from the sponsor API? Third time in ten minutes.
I03246,U0619,H012,discord_message,2025-03-12T08:24:00,"moving our table to near the power outlets, we are at 22 now"
I03247,U0619,H012,question,2025-03-13T08:21:29,"What counts as ""using"" the sponsor tech for the prize track?"
I03248,U0620,H018,answered_question,2025-11-24T17:37:21,You can augment the dataset as long as you declare the extra sources.
I03249,U0620,H018,profile_update,2025-11-11T20:39:03,
I03250,U0620,H018,discord_message,2025-12-01T20:23:28,"we are cutting the matchmaking feature, no time"
I03251,U0620,H018,profile_update,2025-11-07T23:59:29,
I03252,U0620,H018,answered_question,2025-11-21T21:21:36,"Yes, self-hosted counts for the prize track, it was confirmed on the Discord at 11am."
I03253,U0620,,question,2026-07-11T17:32:14,Is model fine-tuning allowed or is it inference only?
I03254,U0624,H013,profile_update,2025-05-10T09:35:07,
I03255,U0624,H018,profile_update,2025-11-11T15:30:35,
I03256,U0624,H013,workshop_attended,2025-05-14T12:45:37,
I03257,U0624,H013,discord_message,2025-05-18T15:23:01,"we are cutting the matchmaking feature, no time"
I03258,U0624,H018,question,2025-11-28T15:55:19,Is there a template for the submission writeup anywhere?
I03259,U0624,,profile_update,2026-05-27T12:56:58,
I03260,U0624,H018,profile_update,2025-11-05T10:15:24,
I03261,U0625,H021,discord_message,2026-04-10T12:05:53,"going to sleep for 90 minutes, ping me if the build breaks"
I03262,U0625,H006,profile_update,2024-08-04T23:08:27,
I03263,U0625,H004,answered_question,2024-05-13T11:37:46,Fine-tuning is allowed. Two teams did it last year.
I03264,U0625,,comment,2026-03-06T20:02:18,"Our team is two people short, DM me if you want to join a GenAI track build."
I03265,U0626,H006,workshop_attended,2024-07-25T11:24:52,
I03266,U0626,H001,comment,2024-01-18T21:42:51,Anyone else getting a 429 from the sponsor API? Third time in ten minutes.
I03267,U0626,H006,discord_message,2024-08-15T12:05:06,"found the bug, it was a timezone thing in the date parsing"
I03268,U0626,H001,comment,2024-01-10T21:15:28,The mentor feedback on scoping was the single most useful thing this weekend.
I03269,U0626,H006,comment,2024-08-02T21:25:05,"The graph database workshop was much better than I expected, worth the hour."
I03270,U0627,H023,workshop_attended,2026-07-15T19:03:41,
I03271,U0627,H023,discord_message,2026-07-07T09:52:35,"the api key rotated, new one is in the env file on the shared drive"
I03272,U0627,H023,question,2026-07-15T09:48:06,Is the dataset they provided allowed to be augmented with external data?
I03273,U0627,,comment,2024-12-31T20:41:48,Third hackathon here and the organisation keeps getting better.
I03274,U0627,H011,comment,2025-02-04T22:20:41,Third hackathon here and the organisation keeps getting better.
I03275,U0627,H023,answered_question,2026-06-27T08:26:32,"If your deployment dies they will let you show a recording, but tell them beforehand."
I03276,U0627,H015,question,2025-07-25T18:18:28,Do judges want to see the code or just the running product?
I03277,U0627,H011,workshop_attended,2025-02-25T17:28:44,
I03278,U0627,,discord_message,2026-06-26T21:58:50,"found the bug, it was a timezone thing in the date parsing"
I03279,U0627,H016,profile_update,2025-09-02T15:48:04,
I03280,U0627,,workshop_attended,2025-04-11T13:46:56,
I03281,U0629,H017,discord_message,2025-10-08T21:50:20,"rehearsed twice, we are at 3:10 so we need to cut about twenty seconds"
I03282,U0629,H020,comment,2026-02-13T17:23:19,"Reminder that the submission deadline is 6pm not 8pm, it changed on the Discord."
I03283,U0629,,answered_question,2026-05-15T13:09:36,Pre-existing repos are allowed if you declare them and the new work is clearly separable.
I03284,U0629,H020,answered_question,2026-02-15T22:23:33,Fine-tuning is allowed. Two teams did it last year.
I03285,U0629,H020,answered_question,2026-02-24T13:35:19,"Judges look at the running product first, code only if they have doubts."
I03286,U0629,H017,comment,2025-10-15T08:25:53,"Reminder that the submission deadline is 6pm not 8pm, it changed on the Discord."
I03287,U0629,,comment,2026-04-22T20:39:11,The mentor feedback on scoping was the single most useful thing this weekend.
I03288,U0629,,discord_message,2026-04-27T13:23:01,"i am taking the ingestion path, you take the UI, lets not touch the same files"
I03289,U0629,H017,question,2025-09-29T16:59:17,Is there a template for the submission writeup anywhere?
I03290,U0629,,question,2025-01-13T08:49:10,Can we use a pre-existing repo as a starting point or does everything have to be written here?
I03291,U0630,H016,answered_question,2025-09-06T20:39:06,"Free tier handles that node count fine, but create your indexes before bulk loading."
I03292,U0630,H016,answered_question,2025-08-18T09:20:09,You can augment the dataset as long as you declare the extra sources.
I03293,U0630,H019,question,2025-12-21T18:04:41,Is the dataset they provided allowed to be augmented with external data?
I03294,U0630,,comment,2025-07-22T10:52:52,"The graph database workshop was much better than I expected, worth the hour."
I03295,U0631,H016,discord_message,2025-08-18T19:42:12,"the api key rotated, new one is in the env file on the shared drive"
I03296,U0631,,discord_message,2026-07-27T20:00:58,"i am taking the ingestion path, you take the UI, lets not touch the same files"
I03297,U0631,H016,profile_update,2025-08-17T20:47:47,
I03298,U0631,H005,question,2024-06-17T09:20:14,Is the dataset they provided allowed to be augmented with external data?
I03299,U0631,,question,2025-07-28T23:08:54,Is the dataset they provided allowed to be augmented with external data?
I03300,U0631,H005,profile_update,2024-06-30T13:59:33,
I03301,U0631,H016,comment,2025-09-04T10:06:33,The mentor feedback on scoping was the single most useful thing this weekend.
I03302,U0632,H022,comment,2026-06-02T15:05:05,Coffee has run out on floor 2 for anyone planning their next hour around it.
I03303,U0632,H005,comment,2024-06-23T17:11:04,"The graph database workshop was much better than I expected, worth the hour."
I03304,U0632,H022,question,2026-05-28T20:00:45,Are teams allowed to be four people or is three the cap this time?
I03305,U0632,H022,answered_question,2026-05-20T17:44:33,Fine-tuning is allowed. Two teams did it last year.
I03306,U0632,H014,comment,2025-05-30T12:31:48,Does the sponsor prize require using their hosted version or is self-hosted fine?
I03307,U0633,H005,answered_question,2024-06-14T10:06:08,You get three minutes plus two for questions. They are strict about it.
I03308,U0633,H014,answered_question,2025-06-20T10:55:12,"Use a hotspot for the demo, the venue wifi drops under load every year."
I03309,U0633,H011,answered_question,2025-02-16T08:56:48,"If your deployment dies they will let you show a recording, but tell them beforehand."
I03310,U0633,H005,discord_message,2024-06-28T09:19:10,"found the bug, it was a timezone thing in the date parsing"
I03311,U0633,,comment,2025-07-13T20:06:50,"The graph database workshop was much better than I expected, worth the hour."
I03312,U0633,,discord_message,2025-03-29T11:56:30,"we are cutting the matchmaking feature, no time"
I03313,U0633,H014,workshop_attended,2025-06-09T10:46:59,
I03314,U0633,,comment,2025-05-05T14:09:35,The mentor feedback on scoping was the single most useful thing this weekend.
I03315,U0633,H011,comment,2025-02-01T23:01:29,"The wifi in hall B is unusable, switching to a hotspot if anyone wants to share."
I03316,U0633,,workshop_attended,2025-05-18T09:13:03,
I03317,U0634,,comment,2026-07-18T16:58:37,"The graph database workshop was much better than I expected, worth the hour."
I03318,U0634,H001,answered_question,2024-01-11T19:25:38,"For offline auth just stub it and say so, nobody marks you down for that."
I03319,U0634,H001,answered_question,2024-01-17T12:36:09,"If your deployment dies they will let you show a recording, but tell them beforehand."
I03320,U0634,,question,2024-10-12T11:16:59,What is the best way to handle auth for a demo that has to work offline?
I03321,U0634,H001,comment,2024-01-12T12:45:36,"Reminder that the submission deadline is 6pm not 8pm, it changed on the Discord."
I03322,U0634,H001,comment,2024-01-18T12:37:00,Third hackathon here and the organisation keeps getting better.
I03323,U0636,H013,question,2025-05-17T20:26:01,Is model fine-tuning allowed or is it inference only?
I03324,U0636,,discord_message,2024-11-07T20:25:00,"i am taking the ingestion path, you take the UI, lets not touch the same files"
I03325,U0636,H005,discord_message,2024-06-27T20:08:00,"found the bug, it was a timezone thing in the date parsing"
I03326,U0636,,discord_message,2025-11-03T16:25:34,can someone take screenshots for the submission while i fix the deploy
I03327,U0637,H004,comment,2024-05-26T15:53:47,"Shout-out to whoever left the HDMI adapter at table 14, you saved our demo."
I03328,U0637,H004,comment,2024-05-23T20:07:08,Finally got the deployment working. The build was failing because of a Node version mismatch.
I03329,U0637,H004,discord_message,2024-05-26T11:42:56,"found the bug, it was a timezone thing in the date parsing"
I03330,U0637,,comment,2026-09-07T09:22:25,Anyone else getting a 429 from the sponsor API? Third time in ten minutes.
I03331,U0637,H004,discord_message,2024-05-15T20:03:29,"pushing the fix now, pull before you touch the retrieval service"
I03332,U0637,H004,comment,2024-05-08T11:58:44,"Our team is two people short, DM me if you want to join a GenAI track build."
I03333,U0639,,profile_update,2026-05-18T21:46:10,
I03334,U0639,H014,discord_message,2025-06-23T20:06:24,"rehearsed twice, we are at 3:10 so we need to cut about twenty seconds"
I03335,U0639,H024,discord_message,2026-08-10T10:16:53,"we are cutting the matchmaking feature, no time"
I03336,U0639,,comment,2026-02-05T09:39:16,"Shout-out to whoever left the HDMI adapter at table 14, you saved our demo."
I03337,U0639,,profile_update,2026-09-17T10:00:14,
I03338,U0640,H007,question,2024-09-26T23:34:13,What happens if our deployment goes down during judging?
I03339,U0640,H007,answered_question,2024-09-16T17:41:42,"For offline auth just stub it and say so, nobody marks you down for that."
I03340,U0640,H007,discord_message,2024-09-28T20:35:07,"found the bug, it was a timezone thing in the date parsing"
I03341,U0640,,answered_question,2024-10-13T18:00:35,Pre-existing repos are allowed if you declare them and the new work is clearly separable.
I03342,U0640,,comment,2026-03-17T20:19:34,"If anyone is stuck on CORS with the workshop template, the fix is in the pinned message."
